ISO-10303-21;
HEADER;
FILE_DESCRIPTION(('CATIA V5 STEP Exchange','CAx-IF Rec.Pracs.--- Model Styling and Organization---1.4--- 2014-01-23','CAx-IF Rec.Pracs.---3D Tessellated Data Validation Properties---0.5---2014-09-14'),'2;1');

FILE_NAME('C:\\Users\\Laptop_Center\\Desktop\\Preliminary CAD-v0.1\\Preliminary CAD-v0.1.stp','2026-08-14T11:58:02+00:00',('none'),('none'),'CATIA Version 5-6 Release 2019 SP6','CATIA V5 STEP AP242 v1','none');

FILE_SCHEMA(('AP242_MANAGED_MODEL_BASED_3D_ENGINEERING_MIM_LF  {1 0 10303 442 1 1 4}'));

ENDSEC;
DATA;
#5=PRODUCT('Preliminary CAD \X2\2014\X0\ v0.1','','',(#2)) ;
#26=PRODUCT('Connection base','','',(#2)) ;
#136=PRODUCT('Ground Plane','','',(#2)) ;
#310=PRODUCT('Helix','','',(#2)) ;
#2=PRODUCT_CONTEXT(' ',#1,'mechanical') ;
#1=APPLICATION_CONTEXT('managed model based 3d engineering') ;
#13=PRODUCT_DEFINITION('',' ',#6,#3) ;
#28=PRODUCT_DEFINITION('',' ',#27,#3) ;
#138=PRODUCT_DEFINITION('',' ',#137,#3) ;
#312=PRODUCT_DEFINITION('',' ',#311,#3) ;
#3=PRODUCT_DEFINITION_CONTEXT('part definition',#1,' ') ;
#16=PRODUCT_DEFINITION_SHAPE(' ',' ',#13) ;
#29=PRODUCT_DEFINITION_SHAPE(' ',' ',#28) ;
#120=PRODUCT_DEFINITION_SHAPE(' ',' ',#119) ;
#139=PRODUCT_DEFINITION_SHAPE(' ',' ',#138) ;
#294=PRODUCT_DEFINITION_SHAPE(' ',' ',#293) ;
#313=PRODUCT_DEFINITION_SHAPE(' ',' ',#312) ;
#2395=PRODUCT_DEFINITION_SHAPE(' ',' ',#2394) ;
#2407=MECHANICAL_DESIGN_GEOMETRIC_PRESENTATION_REPRESENTATION(' ',(#38,#141,#315),#21) ;
#2408=MECHANICAL_DESIGN_GEOMETRIC_PRESENTATION_REPRESENTATION(' ',(#2380,#2391),#21) ;
#7=PRODUCT_CATEGORY('part','specification') ;
#10=PRODUCT_CATEGORY('part','specification') ;
#15=SHAPE_REPRESENTATION(' ',(#124,#298,#2399),#21) ;
#24=SHAPE_REPRESENTATION(' ',(#125),#23) ;
#134=SHAPE_REPRESENTATION(' ',(#299),#133) ;
#308=SHAPE_REPRESENTATION(' ',(#2400),#307) ;
#2365=TRIMMED_CURVE('',#2362,(#2363),(#2364),.T.,.CARTESIAN.) ;
#2373=TRIMMED_CURVE('',#2370,(#2371),(#2372),.T.,.CARTESIAN.) ;
#40=CARTESIAN_POINT('Axis2P3D Location',(0.,0.,2.5)) ;
#45=CARTESIAN_POINT('Line Origine',(2.5,0.,2.5)) ;
#49=CARTESIAN_POINT('Vertex',(2.5,0.,0.)) ;
#51=CARTESIAN_POINT('Vertex',(2.5,0.,5.)) ;
#54=CARTESIAN_POINT('Axis2P3D Location',(0.,0.,0.)) ;
#58=CARTESIAN_POINT('Vertex',(-2.5,3.06161699787E-16,0.)) ;
#61=CARTESIAN_POINT('Line Origine',(-2.5,3.06161699787E-16,2.5)) ;
#65=CARTESIAN_POINT('Vertex',(-2.5,3.06161699787E-16,5.)) ;
#68=CARTESIAN_POINT('Axis2P3D Location',(0.,0.,5.)) ;
#80=CARTESIAN_POINT('Axis2P3D Location',(0.,0.,0.)) ;
#85=CARTESIAN_POINT('Axis2P3D Location',(0.,0.,5.)) ;
#97=CARTESIAN_POINT('Axis2P3D Location',(0.,0.,0.)) ;
#107=CARTESIAN_POINT('Axis2P3D Location',(0.,0.,5.)) ;
#126=CARTESIAN_POINT('NONE',(0.,0.,0.)) ;
#127=CARTESIAN_POINT('NONE',(0.,0.,2.)) ;
#143=CARTESIAN_POINT('Axis2P3D Location',(-107.5,107.5,0.)) ;
#148=CARTESIAN_POINT('Line Origine',(107.5,107.5,1.)) ;
#152=CARTESIAN_POINT('Vertex',(107.5,107.5,0.)) ;
#154=CARTESIAN_POINT('Vertex',(107.5,107.5,2.)) ;
#157=CARTESIAN_POINT('Line Origine',(0.,107.5,0.)) ;
#161=CARTESIAN_POINT('Vertex',(-107.5,107.5,0.)) ;
#164=CARTESIAN_POINT('Line Origine',(-107.5,107.5,1.)) ;
#168=CARTESIAN_POINT('Vertex',(-107.5,107.5,2.)) ;
#171=CARTESIAN_POINT('Line Origine',(0.,107.5,2.)) ;
#183=CARTESIAN_POINT('Axis2P3D Location',(-107.5,-107.5,0.)) ;
#188=CARTESIAN_POINT('Line Origine',(-107.5,0.,0.)) ;
#192=CARTESIAN_POINT('Vertex',(-107.5,-107.5,0.)) ;
#195=CARTESIAN_POINT('Line Origine',(-107.5,-107.5,1.)) ;
#199=CARTESIAN_POINT('Vertex',(-107.5,-107.5,2.)) ;
#202=CARTESIAN_POINT('Line Origine',(-107.5,0.,2.)) ;
#214=CARTESIAN_POINT('Axis2P3D Location',(107.5,-107.5,0.)) ;
#219=CARTESIAN_POINT('Line Origine',(0.,-107.5,0.)) ;
#223=CARTESIAN_POINT('Vertex',(107.5,-107.5,0.)) ;
#226=CARTESIAN_POINT('Line Origine',(107.5,-107.5,1.)) ;
#230=CARTESIAN_POINT('Vertex',(107.5,-107.5,2.)) ;
#233=CARTESIAN_POINT('Line Origine',(0.,-107.5,2.)) ;
#245=CARTESIAN_POINT('Axis2P3D Location',(107.5,107.5,0.)) ;
#250=CARTESIAN_POINT('Line Origine',(107.5,0.,0.)) ;
#255=CARTESIAN_POINT('Line Origine',(107.5,0.,2.)) ;
#267=CARTESIAN_POINT('Axis2P3D Location',(0.,0.,0.)) ;
#279=CARTESIAN_POINT('Axis2P3D Location',(0.,0.,2.)) ;
#300=CARTESIAN_POINT('NONE',(0.,0.,0.)) ;
#301=CARTESIAN_POINT('NONE',(0.,0.,0.)) ;
#318=CARTESIAN_POINT('Control Point',(2.51147826025E-16,28.85,2.13352552871E-16)) ;
#319=CARTESIAN_POINT('Control Point',(5.06499121688E-16,28.85,4.6)) ;
#320=CARTESIAN_POINT('Control Point',(4.4342530943E-16,33.45,2.3)) ;
#321=CARTESIAN_POINT('Control Point',(1.88074013766E-16,33.45,-2.3)) ;
#322=CARTESIAN_POINT('Control Point',(-4.20346963922E-18,28.85,-4.6)) ;
#323=CARTESIAN_POINT('Control Point',(2.51147826025E-16,28.85,9.53088971722E-16)) ;
#324=CARTESIAN_POINT('Control Point',(-5.5409550746,28.8500000003,1.279822084)) ;
#325=CARTESIAN_POINT('Control Point',(-5.54095508019,28.834747377,5.8798220841)) ;
#326=CARTESIAN_POINT('Control Point',(-6.42090090289,33.4423736873,3.59507470704)) ;
#327=CARTESIAN_POINT('Control Point',(-6.42090089731,33.4576263104,-1.00492529308)) ;
#328=CARTESIAN_POINT('Control Point',(-5.54095506902,28.8652526236,-3.32017791614)) ;
#329=CARTESIAN_POINT('Control Point',(-5.5409550746,28.8500000003,1.279822084)) ;
#330=CARTESIAN_POINT('Control Point',(-11.0850374231,27.5197657037,2.54560934198)) ;
#331=CARTESIAN_POINT('Control Point',(-11.0777290571,27.4331210027,7.14554615641)) ;
#332=CARTESIAN_POINT('Control Point',(-12.828766062,31.8659711017,4.93222240761)) ;
#333=CARTESIAN_POINT('Control Point',(-12.836074428,31.952616101,0.33228561528)) ;
#334=CARTESIAN_POINT('Control Point',(-11.092345789,27.6064104048,-2.05432742824)) ;
#335=CARTESIAN_POINT('Control Point',(-11.0850374231,27.5197657037,2.54560934198)) ;
#336=CARTESIAN_POINT('Control Point',(-16.1995278639,24.8567918562,3.79708853389)) ;
#337=CARTESIAN_POINT('Control Point',(-16.1219622758,24.6486807913,8.39618721161)) ;
#338=CARTESIAN_POINT('Control Point',(-18.6972605668,28.732833669,6.30649552842)) ;
#339=CARTESIAN_POINT('Control Point',(-18.7748261582,28.9409447306,1.70739684822)) ;
#340=CARTESIAN_POINT('Control Point',(-16.2770934487,25.0649029178,-0.802010146102)) ;
#341=CARTESIAN_POINT('Control Point',(-16.1995278639,24.8567918562,3.79708853389)) ;
#342=CARTESIAN_POINT('Control Point',(-23.0632921745,18.7835961402,5.79092485398)) ;
#343=CARTESIAN_POINT('Control Point',(-22.7192958001,18.4143641151,10.3734503767)) ;
#344=CARTESIAN_POINT('Control Point',(-26.4732912395,21.6541101896,8.56190861661)) ;
#345=CARTESIAN_POINT('Control Point',(-26.8172876119,22.0233422167,3.97938309544)) ;
#346=CARTESIAN_POINT('Control Point',(-23.4072885509,19.1528281673,1.20839933268)) ;
#347=CARTESIAN_POINT('Control Point',(-23.0632921745,18.7835961402,5.79092485398)) ;
#348=CARTESIAN_POINT('Control Point',(-27.1188803061,10.7336724117,7.76569346879)) ;
#349=CARTESIAN_POINT('Control Point',(-26.3603155408,10.3891847727,12.2939671847)) ;
#350=CARTESIAN_POINT('Control Point',(-30.915547651,12.4171146982,10.8556854969)) ;
#351=CARTESIAN_POINT('Control Point',(-31.6741124175,12.761602336,6.32741178008)) ;
#352=CARTESIAN_POINT('Control Point',(-27.8774450702,11.0781600495,3.23741975208)) ;
#353=CARTESIAN_POINT('Control Point',(-27.1188803061,10.7336724117,7.76569346879)) ;
#354=CARTESIAN_POINT('Control Point',(-28.194672838,7.49259552329,8.50883622807)) ;
#355=CARTESIAN_POINT('Control Point',(-27.2663938164,7.19505361281,13.0101582161)) ;
#356=CARTESIAN_POINT('Control Point',(-32.0584253207,8.72101248683,11.7234774392)) ;
#357=CARTESIAN_POINT('Control Point',(-32.9867043399,9.0185543973,7.22215545061)) ;
#358=CARTESIAN_POINT('Control Point',(-29.1229518621,7.79013743392,4.00751423946)) ;
#359=CARTESIAN_POINT('Control Point',(-28.194672838,7.49259552329,8.50883622746)) ;
#360=CARTESIAN_POINT('Control Point',(-29.38907682,0.704482446001,10.0122051937)) ;
#361=CARTESIAN_POINT('Control Point',(-28.1226809075,0.591473556577,14.4451029707)) ;
#362=CARTESIAN_POINT('Control Point',(-33.2391992669,1.03685023443,13.4787141027)) ;
#363=CARTESIAN_POINT('Control Point',(-34.505595182,1.14985912385,9.04581632627)) ;
#364=CARTESIAN_POINT('Control Point',(-30.6554727301,0.817491335268,5.57930741732)) ;
#365=CARTESIAN_POINT('Control Point',(-29.38907682,0.704482446001,10.0122051943)) ;
#366=CARTESIAN_POINT('Control Point',(-28.576471712,-6.14934132708,11.516668005)) ;
#367=CARTESIAN_POINT('Control Point',(-27.0474308616,-5.91089117734,15.8576742362)) ;
#368=CARTESIAN_POINT('Control Point',(-32.155954875,-6.60888517342,15.2189355719)) ;
#369=CARTESIAN_POINT('Control Point',(-33.6849957228,-6.84733532316,10.8779293401)) ;
#370=CARTESIAN_POINT('Control Point',(-30.1055125649,-6.38779147666,7.17566177312)) ;
#371=CARTESIAN_POINT('Control Point',(-28.576471712,-6.14934132708,11.5166680043)) ;
#372=CARTESIAN_POINT('Control Point',(-27.6473586916,-9.53312982974,12.2795160277)) ;
#373=CARTESIAN_POINT('Control Point',(-26.0215761252,-9.07740106749,16.5691443698)) ;
#374=CARTESIAN_POINT('Control Point',(-31.0358486976,-10.3527188893,16.0930142941)) ;
#375=CARTESIAN_POINT('Control Point',(-32.6616312628,-10.8084476515,11.803385952)) ;
#376=CARTESIAN_POINT('Control Point',(-29.273141258,-9.988858592,7.98988768625)) ;
#377=CARTESIAN_POINT('Control Point',(-27.6473586916,-9.53312982974,12.2795160277)) ;
#378=CARTESIAN_POINT('Control Point',(-23.8342505613,-18.1069127459,14.3331549459)) ;
#379=CARTESIAN_POINT('Control Point',(-22.0859586768,-17.0004629499,18.4790477926)) ;
#380=CARTESIAN_POINT('Control Point',(-26.6116683982,-19.76849497,18.4162435914)) ;
#381=CARTESIAN_POINT('Control Point',(-28.3599602849,-20.874944766,14.2703507448)) ;
#382=CARTESIAN_POINT('Control Point',(-25.5825424458,-19.213362542,10.1872620983)) ;
#383=CARTESIAN_POINT('Control Point',(-23.8342505613,-18.1069127459,14.3331549459)) ;
#384=CARTESIAN_POINT('Control Point',(-16.8761553895,-24.6904623085,16.4087009021)) ;
#385=CARTESIAN_POINT('Control Point',(-15.4039949119,-22.878872822,20.4161215881)) ;
#386=CARTESIAN_POINT('Control Point',(-18.8677493367,-26.875140679,20.676383454)) ;
#387=CARTESIAN_POINT('Control Point',(-20.3399098107,-28.6867301654,16.6689627679)) ;
#388=CARTESIAN_POINT('Control Point',(-18.3483158671,-26.5020517949,12.4012802178)) ;
#389=CARTESIAN_POINT('Control Point',(-16.8761553895,-24.6904623085,16.4087009021)) ;
#390=CARTESIAN_POINT('Control Point',(-11.5361600724,-27.6147182233,17.7210273205)) ;
#391=CARTESIAN_POINT('Control Point',(-10.417167672,-25.4247836859,21.6578157855)) ;
#392=CARTESIAN_POINT('Control Point',(-13.0301322408,-30.0112486168,22.0659585883)) ;
#393=CARTESIAN_POINT('Control Point',(-14.1491246448,-32.2011832412,18.1291699931)) ;
#394=CARTESIAN_POINT('Control Point',(-12.6551524727,-29.8046528914,13.7842388561)) ;
#395=CARTESIAN_POINT('Control Point',(-11.5361600724,-27.6147182233,17.7210273205)) ;
#396=CARTESIAN_POINT('Control Point',(-5.69539205338,-29.0623110374,19.0472452887)) ;
#397=CARTESIAN_POINT('Control Point',(-5.04546726566,-26.6528710096,22.9428153783)) ;
#398=CARTESIAN_POINT('Control Point',(-6.68791380086,-31.6083468735,23.4363725913)) ;
#399=CARTESIAN_POINT('Control Point',(-7.3378385886,-34.0177869012,19.540802502)) ;
#400=CARTESIAN_POINT('Control Point',(-6.34531684109,-31.4717510652,15.1516751995)) ;
#401=CARTESIAN_POINT('Control Point',(-5.69539205338,-29.0623110374,19.0472452887)) ;
#402=CARTESIAN_POINT('Control Point',(0.136737085123,-29.0370844008,20.386325397)) ;
#403=CARTESIAN_POINT('Control Point',(0.295592604877,-26.5823859888,24.2733834915)) ;
#404=CARTESIAN_POINT('Control Point',(-0.330783495491,-31.6613975916,24.7845528562)) ;
#405=CARTESIAN_POINT('Control Point',(-0.489639015245,-34.1160960036,20.8974947617)) ;
#406=CARTESIAN_POINT('Control Point',(-0.0221184346314,-31.4917828128,16.4992673025)) ;
#407=CARTESIAN_POINT('Control Point',(0.136737085123,-29.0370844008,20.386325397)) ;
#409=CARTESIAN_POINT('Control Point',(2.51147826025E-16,28.85,-1.69674390625E-16)) ;
#410=CARTESIAN_POINT('Control Point',(-5.5409550746,28.8500000003,1.279822084)) ;
#411=CARTESIAN_POINT('Control Point',(-11.0850374231,27.5197657037,2.54560934198)) ;
#412=CARTESIAN_POINT('Control Point',(-16.1995278639,24.8567918562,3.79708853389)) ;
#413=CARTESIAN_POINT('Control Point',(-23.0632921745,18.7835961402,5.79092485398)) ;
#414=CARTESIAN_POINT('Control Point',(-27.1188803061,10.7336724117,7.76569346879)) ;
#415=CARTESIAN_POINT('Control Point',(-28.194672838,7.49259552329,8.50883622807)) ;
#416=CARTESIAN_POINT('Control Point',(-29.38907682,0.704482446001,10.0122051937)) ;
#417=CARTESIAN_POINT('Control Point',(-28.576471712,-6.14934132708,11.516668005)) ;
#418=CARTESIAN_POINT('Control Point',(-27.6473586916,-9.53312982974,12.2795160277)) ;
#419=CARTESIAN_POINT('Control Point',(-23.8342505613,-18.1069127459,14.3331549459)) ;
#420=CARTESIAN_POINT('Control Point',(-16.8761553895,-24.6904623085,16.4087009021)) ;
#421=CARTESIAN_POINT('Control Point',(-11.5361600724,-27.6147182233,17.7210273205)) ;
#422=CARTESIAN_POINT('Control Point',(-5.69539205338,-29.0623110374,19.0472452887)) ;
#423=CARTESIAN_POINT('Control Point',(0.136737085123,-29.0370844008,20.386325397)) ;
#424=CARTESIAN_POINT('Vertex',(0.,28.85,0.)) ;
#426=CARTESIAN_POINT('Vertex',(0.136737085123,-29.0370844008,20.386325397)) ;
#430=CARTESIAN_POINT('Control Point',(-1.43723884169E-15,28.85,6.27022004937E-16)) ;
#431=CARTESIAN_POINT('Control Point',(-1.16277493681E-15,28.85,4.6)) ;
#432=CARTESIAN_POINT('Control Point',(-1.49643824936E-15,33.45,2.3)) ;
#433=CARTESIAN_POINT('Control Point',(-1.77090215505E-15,33.45,-2.3)) ;
#434=CARTESIAN_POINT('Control Point',(-1.71170274577E-15,28.85,-4.6)) ;
#435=CARTESIAN_POINT('Control Point',(-1.43723884169E-15,28.85,1.36675842379E-15)) ;
#436=CARTESIAN_POINT('Vertex',(0.,31.15,2.69434733854E-15)) ;
#440=CARTESIAN_POINT('Control Point',(2.83448743811E-16,31.15,-3.24953088385E-16)) ;
#441=CARTESIAN_POINT('Control Point',(-5.98092798735,31.1499999996,1.28744839549)) ;
#442=CARTESIAN_POINT('Control Point',(-11.958728834,29.7145296525,2.58893168224)) ;
#443=CARTESIAN_POINT('Control Point',(-17.4677856128,26.8468405276,3.90201736082)) ;
#444=CARTESIAN_POINT('Control Point',(-24.8542908004,20.311161172,6.03078535518)) ;
#445=CARTESIAN_POINT('Control Point',(-29.20685517,11.6615154642,8.17862105353)) ;
#446=CARTESIAN_POINT('Control Point',(-30.3586188345,8.1811894827,8.99082633634)) ;
#447=CARTESIAN_POINT('Control Point',(-31.6307370219,0.898918562551,10.6372352043)) ;
#448=CARTESIAN_POINT('Control Point',(-30.7484735058,-6.43872578767,12.2825502303)) ;
#449=CARTESIAN_POINT('Control Point',(-29.7480493359,-10.0568565501,13.1138580755)) ;
#450=CARTESIAN_POINT('Control Point',(-25.6600324514,-19.214316307,15.3382260569)) ;
#451=CARTESIAN_POINT('Control Point',(-18.2399924816,-26.2356988653,17.5406870068)) ;
#452=CARTESIAN_POINT('Control Point',(-12.5628942576,-29.3604670925,18.9092958057)) ;
#453=CARTESIAN_POINT('Control Point',(-6.35413412405,-30.9376889624,20.2679164177)) ;
#454=CARTESIAN_POINT('Control Point',(-0.136737085123,-30.9629155992,21.613674603)) ;
#455=CARTESIAN_POINT('Vertex',(-0.136737085123,-30.9629155992,21.613674603)) ;
#459=CARTESIAN_POINT('Control Point',(0.136737085123,-29.0370844008,20.386325397)) ;
#460=CARTESIAN_POINT('Control Point',(0.295592604877,-26.5823859888,24.2733834915)) ;
#461=CARTESIAN_POINT('Control Point',(-0.330783495491,-31.6613975916,24.7845528562)) ;
#462=CARTESIAN_POINT('Control Point',(-0.489639015245,-34.1160960036,20.8974947617)) ;
#463=CARTESIAN_POINT('Control Point',(-0.0221184346314,-31.4917828128,16.4992673025)) ;
#464=CARTESIAN_POINT('Control Point',(0.136737085123,-29.0370844008,20.386325397)) ;
#474=CARTESIAN_POINT('Control Point',(0.136737085123,-29.0370844008,20.386325397)) ;
#475=CARTESIAN_POINT('Control Point',(0.295592604877,-26.5823859888,24.2733834915)) ;
#476=CARTESIAN_POINT('Control Point',(-0.330783495491,-31.6613975916,24.7845528562)) ;
#477=CARTESIAN_POINT('Control Point',(-0.489639015245,-34.1160960036,20.8974947617)) ;
#478=CARTESIAN_POINT('Control Point',(-0.0221184346314,-31.4917828128,16.4992673025)) ;
#479=CARTESIAN_POINT('Control Point',(0.136737085123,-29.0370844008,20.386325397)) ;
#480=CARTESIAN_POINT('Control Point',(5.71137515431,-29.0129715321,21.6662845288)) ;
#481=CARTESIAN_POINT('Control Point',(5.40084233974,-26.5150129147,25.5452064368)) ;
#482=CARTESIAN_POINT('Control Point',(5.74567671896,-31.7121060967,26.0732103691)) ;
#483=CARTESIAN_POINT('Control Point',(6.05620953355,-34.210064714,22.1942884609)) ;
#484=CARTESIAN_POINT('Control Point',(6.02190796889,-31.5109301493,17.7873626207)) ;
#485=CARTESIAN_POINT('Control Point',(5.71137515431,-29.0129715321,21.6662845288)) ;
#486=CARTESIAN_POINT('Control Point',(11.2833537051,-27.6589301109,22.9345094437)) ;
#487=CARTESIAN_POINT('Control Point',(10.4966708936,-25.1829696706,26.7753071864)) ;
#488=CARTESIAN_POINT('Control Point',(11.8267326653,-30.2579949105,27.3820755483)) ;
#489=CARTESIAN_POINT('Control Point',(12.6134154652,-32.7339554103,23.5412778053)) ;
#490=CARTESIAN_POINT('Control Point',(12.0700365165,-30.1348905842,19.0937118136)) ;
#491=CARTESIAN_POINT('Control Point',(11.2833537051,-27.6589301109,22.9345094437)) ;
#492=CARTESIAN_POINT('Control Point',(16.4286326292,-24.9735127727,24.191277464)) ;
#493=CARTESIAN_POINT('Control Point',(15.1473383613,-22.5860930968,27.9656572521)) ;
#494=CARTESIAN_POINT('Control Point',(17.3967544893,-27.3030385794,28.7082923815)) ;
#495=CARTESIAN_POINT('Control Point',(18.6780487538,-29.6904582536,24.9339125934)) ;
#496=CARTESIAN_POINT('Control Point',(17.7099268904,-27.360932447,20.4168976792)) ;
#497=CARTESIAN_POINT('Control Point',(16.4286326292,-24.9735127727,24.191277464)) ;
#498=CARTESIAN_POINT('Control Point',(23.2259185152,-18.9577316291,26.1641255576)) ;
#499=CARTESIAN_POINT('Control Point',(21.1441439593,-16.8857193135,29.7833322891)) ;
#500=CARTESIAN_POINT('Control Point',(24.6206214485,-20.7227122033,30.8165226149)) ;
#501=CARTESIAN_POINT('Control Point',(26.7023960063,-22.7947245198,27.1973158835)) ;
#502=CARTESIAN_POINT('Control Point',(25.3076930749,-21.0297439456,22.5449188243)) ;
#503=CARTESIAN_POINT('Control Point',(23.2259185152,-18.9577316291,26.1641255576)) ;
#504=CARTESIAN_POINT('Control Point',(27.3034419073,-11.0091126259,28.1266461765)) ;
#505=CARTESIAN_POINT('Control Point',(24.5236746372,-9.55931576834,31.5208777354)) ;
#506=CARTESIAN_POINT('Control Point',(28.7665647274,-12.1900420237,32.9208342066)) ;
#507=CARTESIAN_POINT('Control Point',(31.5463319964,-13.6398388807,29.5266026476)) ;
#508=CARTESIAN_POINT('Control Point',(30.0832091751,-12.4589094829,24.7324146186)) ;
#509=CARTESIAN_POINT('Control Point',(27.3034419073,-11.0091126259,28.1266461765)) ;
#510=CARTESIAN_POINT('Control Point',(28.384421108,-7.90411907156,28.8450331119)) ;
#511=CARTESIAN_POINT('Control Point',(25.3723317304,-6.7257181976,32.1482035776)) ;
#512=CARTESIAN_POINT('Control Point',(29.8262196333,-8.88362159337,33.6894371932)) ;
#513=CARTESIAN_POINT('Control Point',(32.8383090109,-10.0620224672,30.3862667286)) ;
#514=CARTESIAN_POINT('Control Point',(31.3965104845,-9.08251994566,25.5418626461)) ;
#515=CARTESIAN_POINT('Control Point',(28.384421108,-7.90411907156,28.8450331119)) ;
#516=CARTESIAN_POINT('Control Point',(29.6855442741,-1.33022364576,30.3130689891)) ;
#517=CARTESIAN_POINT('Control Point',(26.2741145654,-0.790260613864,33.4160511784)) ;
#518=CARTESIAN_POINT('Control Point',(31.0099681596,-1.9514459569,35.2514130985)) ;
#519=CARTESIAN_POINT('Control Point',(34.4213978683,-2.49140898894,32.1484309081)) ;
#520=CARTESIAN_POINT('Control Point',(33.096973984,-1.87018667752,27.2100867999)) ;
#521=CARTESIAN_POINT('Control Point',(29.6855442741,-1.33022364576,30.3130689891)) ;
#522=CARTESIAN_POINT('Control Point',(29.1078128485,5.36633341328,31.7846199377)) ;
#523=CARTESIAN_POINT('Control Point',(25.4949677263,5.13298911293,34.669752681)) ;
#524=CARTESIAN_POINT('Control Point',(30.220338323,4.97385096988,36.7940132355)) ;
#525=CARTESIAN_POINT('Control Point',(33.8331834453,5.20719527037,33.9088804934)) ;
#526=CARTESIAN_POINT('Control Point',(32.7206579696,5.59967771348,28.8994871944)) ;
#527=CARTESIAN_POINT('Control Point',(29.1078128485,5.36633341328,31.7846199377)) ;
#528=CARTESIAN_POINT('Control Point',(28.3164210405,8.72264902102,32.5374395915)) ;
#529=CARTESIAN_POINT('Control Point',(24.6643473131,8.06911250754,35.3097718897)) ;
#530=CARTESIAN_POINT('Control Point',(29.3112746973,8.40720977745,37.5756746783)) ;
#531=CARTESIAN_POINT('Control Point',(32.9633484236,9.06074629153,34.8033423801)) ;
#532=CARTESIAN_POINT('Control Point',(31.968494768,9.3761855339,29.7651072933)) ;
#533=CARTESIAN_POINT('Control Point',(28.3164210405,8.72264902041,32.5374395915)) ;
#534=CARTESIAN_POINT('Control Point',(24.750332681,17.7002278206,34.657805698)) ;
#535=CARTESIAN_POINT('Control Point',(21.1895913683,15.8416071615,37.1200247584)) ;
#536=CARTESIAN_POINT('Control Point',(25.4367534015,17.5017854039,39.7564231177)) ;
#537=CARTESIAN_POINT('Control Point',(28.9974947164,19.3604060619,37.2942040573)) ;
#538=CARTESIAN_POINT('Control Point',(28.3110739937,19.5588484808,32.1955866375)) ;
#539=CARTESIAN_POINT('Control Point',(24.750332681,17.7002278217,34.657805698)) ;
#540=CARTESIAN_POINT('Control Point',(17.7853489049,24.7508561979,36.7961224646)) ;
#541=CARTESIAN_POINT('Control Point',(14.8793561586,21.7526739885,38.9948615055)) ;
#542=CARTESIAN_POINT('Control Point',(18.2972848976,24.4752511616,41.9066361097)) ;
#543=CARTESIAN_POINT('Control Point',(21.20327764,27.4734333731,39.7078970688)) ;
#544=CARTESIAN_POINT('Control Point',(20.6913416513,27.7490384054,34.5973834237)) ;
#545=CARTESIAN_POINT('Control Point',(17.7853489049,24.750856196,36.7961224646)) ;
#546=CARTESIAN_POINT('Control Point',(12.1672475927,27.9873759078,38.1799608669)) ;
#547=CARTESIAN_POINT('Control Point',(9.91562413016,24.3858013624,40.2496674404)) ;
#548=CARTESIAN_POINT('Control Point',(12.6819142426,27.6458286873,43.2851703536)) ;
#549=CARTESIAN_POINT('Control Point',(14.9335377329,31.2474031931,41.215463986)) ;
#550=CARTESIAN_POINT('Control Point',(14.4188710652,31.5889503742,36.1102543566)) ;
#551=CARTESIAN_POINT('Control Point',(12.1672475927,27.9873759078,38.1799608669)) ;
#552=CARTESIAN_POINT('Control Point',(5.96311357361,29.5815630664,39.572767757)) ;
#553=CARTESIAN_POINT('Control Point',(4.5209909543,25.5998981772,41.5678448112)) ;
#554=CARTESIAN_POINT('Control Point',(6.54432916478,29.2644783559,44.6743355643)) ;
#555=CARTESIAN_POINT('Control Point',(7.98645178409,33.2461432451,42.6792585103)) ;
#556=CARTESIAN_POINT('Control Point',(7.40523619292,33.5632279556,37.5776907028)) ;
#557=CARTESIAN_POINT('Control Point',(5.96311357361,29.5815630664,39.572767757)) ;
#558=CARTESIAN_POINT('Control Point',(-0.228984821312,29.5374670414,40.9723185251)) ;
#559=CARTESIAN_POINT('Control Point',(-0.812721005153,25.4267411419,42.9525166583)) ;
#560=CARTESIAN_POINT('Control Point',(0.395086372017,29.332235926,46.0731434912)) ;
#561=CARTESIAN_POINT('Control Point',(0.978822555858,33.4429618256,44.0929453581)) ;
#562=CARTESIAN_POINT('Control Point',(0.354751362528,33.6481929409,38.992120392)) ;
#563=CARTESIAN_POINT('Control Point',(-0.228984821312,29.5374670414,40.9723185251)) ;
#565=CARTESIAN_POINT('Control Point',(0.136737085123,-29.0370844008,20.386325397)) ;
#566=CARTESIAN_POINT('Control Point',(5.71137515431,-29.0129715321,21.6662845288)) ;
#567=CARTESIAN_POINT('Control Point',(11.2833537051,-27.6589301109,22.9345094437)) ;
#568=CARTESIAN_POINT('Control Point',(16.4286326292,-24.9735127727,24.191277464)) ;
#569=CARTESIAN_POINT('Control Point',(23.2259185152,-18.9577316291,26.1641255576)) ;
#570=CARTESIAN_POINT('Control Point',(27.3034419073,-11.0091126259,28.1266461765)) ;
#571=CARTESIAN_POINT('Control Point',(28.384421108,-7.90411907156,28.8450331119)) ;
#572=CARTESIAN_POINT('Control Point',(29.6855442741,-1.33022364576,30.3130689891)) ;
#573=CARTESIAN_POINT('Control Point',(29.1078128485,5.36633341328,31.7846199377)) ;
#574=CARTESIAN_POINT('Control Point',(28.3164210405,8.72264902102,32.5374395915)) ;
#575=CARTESIAN_POINT('Control Point',(24.750332681,17.7002278206,34.657805698)) ;
#576=CARTESIAN_POINT('Control Point',(17.7853489049,24.7508561979,36.7961224646)) ;
#577=CARTESIAN_POINT('Control Point',(12.1672475927,27.9873759078,38.1799608669)) ;
#578=CARTESIAN_POINT('Control Point',(5.96311357361,29.5815630664,39.572767757)) ;
#579=CARTESIAN_POINT('Control Point',(-0.228984821312,29.5374670414,40.9723185251)) ;
#580=CARTESIAN_POINT('Vertex',(-0.228984821312,29.5374670414,40.9723185251)) ;
#584=CARTESIAN_POINT('Control Point',(-0.136737085123,-30.9629155992,21.613674603)) ;
#585=CARTESIAN_POINT('Control Point',(5.80615914028,-30.9870284687,22.9000169719)) ;
#586=CARTESIAN_POINT('Control Point',(11.7517138852,-29.5774526398,24.1980930743)) ;
#587=CARTESIAN_POINT('Control Point',(17.2330171245,-26.7351305944,25.5061899762)) ;
#588=CARTESIAN_POINT('Control Point',(24.4437136218,-20.3582249954,27.5855224032)) ;
#589=CARTESIAN_POINT('Control Point',(28.7299451343,-11.962026539,29.6751823019)) ;
#590=CARTESIAN_POINT('Control Point',(29.8583427149,-8.68847055094,30.4414425364)) ;
#591=CARTESIAN_POINT('Control Point',(31.2006136442,-1.77582555932,32.0064954962)) ;
#592=CARTESIAN_POINT('Control Point',(30.5672868662,5.22842826668,33.568033401)) ;
#593=CARTESIAN_POINT('Control Point',(29.7268663005,8.7283135276,34.3634740603)) ;
#594=CARTESIAN_POINT('Control Point',(25.98372837,18.065661777,36.5915596427)) ;
#595=CARTESIAN_POINT('Control Point',(18.7678150869,25.3625992321,38.8016945269)) ;
#596=CARTESIAN_POINT('Control Point',(12.9874867915,28.7169959141,40.2151390263)) ;
#597=CARTESIAN_POINT('Control Point',(6.61425202402,30.4184369334,41.6247823972)) ;
#598=CARTESIAN_POINT('Control Point',(0.228984821312,30.4625329586,43.0276814749)) ;
#599=CARTESIAN_POINT('Vertex',(0.228984821312,30.4625329586,43.0276814749)) ;
#603=CARTESIAN_POINT('Control Point',(-0.228984821312,29.5374670414,40.9723185251)) ;
#604=CARTESIAN_POINT('Control Point',(-0.812721005153,25.4267411419,42.9525166583)) ;
#605=CARTESIAN_POINT('Control Point',(0.395086372017,29.332235926,46.0731434912)) ;
#606=CARTESIAN_POINT('Control Point',(0.978822555858,33.4429618256,44.0929453581)) ;
#607=CARTESIAN_POINT('Control Point',(0.354751362528,33.6481929409,38.992120392)) ;
#608=CARTESIAN_POINT('Control Point',(-0.228984821312,29.5374670414,40.9723185251)) ;
#618=CARTESIAN_POINT('Control Point',(-0.228984821312,29.5374670414,40.9723185251)) ;
#619=CARTESIAN_POINT('Control Point',(-0.812721005153,25.4267411419,42.9525166583)) ;
#620=CARTESIAN_POINT('Control Point',(0.395086372017,29.332235926,46.0731434912)) ;
#621=CARTESIAN_POINT('Control Point',(0.978822555858,33.4429618256,44.0929453581)) ;
#622=CARTESIAN_POINT('Control Point',(0.354751362528,33.6481929409,38.992120392)) ;
#623=CARTESIAN_POINT('Control Point',(-0.228984821312,29.5374670414,40.9723185251)) ;
#624=CARTESIAN_POINT('Control Point',(-5.89716827053,29.4971019919,42.2534529644)) ;
#625=CARTESIAN_POINT('Control Point',(-5.69514630732,25.2682349672,44.2200310853)) ;
#626=CARTESIAN_POINT('Control Point',(-5.23386751066,29.3942605118,47.3535979411)) ;
#627=CARTESIAN_POINT('Control Point',(-5.43588947385,33.6231275364,45.3870198202)) ;
#628=CARTESIAN_POINT('Control Point',(-6.09919023374,33.7259690167,40.2868748433)) ;
#629=CARTESIAN_POINT('Control Point',(-5.89716827053,29.4971019919,42.2534529644)) ;
#630=CARTESIAN_POINT('Control Point',(-11.5577796766,28.1102462595,43.5289657673)) ;
#631=CARTESIAN_POINT('Control Point',(-10.5513592424,23.9284945025,45.4318060832)) ;
#632=CARTESIAN_POINT('Control Point',(-10.8762173615,28.0553183044,48.625857847)) ;
#633=CARTESIAN_POINT('Control Point',(-11.882637804,32.2370698888,46.7230175842)) ;
#634=CARTESIAN_POINT('Control Point',(-12.5642001407,32.2919979704,41.6261255174)) ;
#635=CARTESIAN_POINT('Control Point',(-11.5577796766,28.1102462595,43.5289657673)) ;
#636=CARTESIAN_POINT('Control Point',(-16.7878128383,25.3775119773,44.7991542941)) ;
#637=CARTESIAN_POINT('Control Point',(-14.9939591269,21.4089448879,46.5916757152)) ;
#638=CARTESIAN_POINT('Control Point',(-16.04870695,25.313052651,49.8896173856)) ;
#639=CARTESIAN_POINT('Control Point',(-17.8425606614,29.2816197421,48.0970959645)) ;
#640=CARTESIAN_POINT('Control Point',(-18.5816665497,29.3460790684,43.006632873)) ;
#641=CARTESIAN_POINT('Control Point',(-16.7878128383,25.3775119773,44.7991542941)) ;
#642=CARTESIAN_POINT('Control Point',(-23.8246209249,19.1493666731,46.8375431795)) ;
#643=CARTESIAN_POINT('Control Point',(-20.8663287802,15.8038741682,48.3822357398)) ;
#644=CARTESIAN_POINT('Control Point',(-22.866536727,19.0907891739,51.8971033043)) ;
#645=CARTESIAN_POINT('Control Point',(-25.8248288717,22.4362816778,50.3524107439)) ;
#646=CARTESIAN_POINT('Control Point',(-26.7829130696,22.4948591771,45.2928506191)) ;
#647=CARTESIAN_POINT('Control Point',(-23.8246209249,19.1493666731,46.8375431795)) ;
#648=CARTESIAN_POINT('Control Point',(-28.0039572746,10.8815114865,48.8770990366)) ;
#649=CARTESIAN_POINT('Control Point',(-24.1854503323,8.53609311271,50.0906224753)) ;
#650=CARTESIAN_POINT('Control Point',(-26.7208089487,10.9920705116,53.8594181944)) ;
#651=CARTESIAN_POINT('Control Point',(-30.539315891,13.337488886,52.6458947557)) ;
#652=CARTESIAN_POINT('Control Point',(-31.8224642169,13.2269298608,47.6635755979)) ;
#653=CARTESIAN_POINT('Control Point',(-28.0039572746,10.8815114865,48.8770990366)) ;
#654=CARTESIAN_POINT('Control Point',(-29.11805675,7.54987577236,49.6472097883)) ;
#655=CARTESIAN_POINT('Control Point',(-25.0299329278,5.62914973238,50.7264805684)) ;
#656=CARTESIAN_POINT('Control Point',(-27.7047146194,7.75831812586,54.5926886566)) ;
#657=CARTESIAN_POINT('Control Point',(-31.7928384428,9.67904416585,53.5134178765)) ;
#658=CARTESIAN_POINT('Control Point',(-33.2061805721,9.4706018125,48.5679390107)) ;
#659=CARTESIAN_POINT('Control Point',(-29.11805675,7.54987577236,49.6472097883)) ;
#660=CARTESIAN_POINT('Control Point',(-30.3620806222,0.561188433102,51.2094249036)) ;
#661=CARTESIAN_POINT('Control Point',(-25.8620584524,-0.426123997732,52.0055173274)) ;
#662=CARTESIAN_POINT('Control Point',(-28.7029577622,1.04953690315,56.0642048596)) ;
#663=CARTESIAN_POINT('Control Point',(-33.2029799307,2.03684933398,55.2681124358)) ;
#664=CARTESIAN_POINT('Control Point',(-34.862102792,1.54850086378,50.4133324773)) ;
#665=CARTESIAN_POINT('Control Point',(-30.3620806222,0.561188433102,51.2094249036)) ;
#666=CARTESIAN_POINT('Control Point',(-29.5367574525,-6.5133878106,52.7775834339)) ;
#667=CARTESIAN_POINT('Control Point',(-24.9174270128,-6.47813263763,53.2849685322)) ;
#668=CARTESIAN_POINT('Control Point',(-27.7322400863,-5.59918389063,57.5151263179)) ;
#669=CARTESIAN_POINT('Control Point',(-32.3515705274,-5.6344390636,57.0077412197)) ;
#670=CARTESIAN_POINT('Control Point',(-34.1560878923,-6.54864298341,52.2701983383)) ;
#671=CARTESIAN_POINT('Control Point',(-29.5367574525,-6.5133878106,52.7775834339)) ;
#672=CARTESIAN_POINT('Control Point',(-28.5836990205,-10.0111578328,53.5729336442)) ;
#673=CARTESIAN_POINT('Control Point',(-23.9845750409,-9.45090616866,53.9372843222)) ;
#674=CARTESIAN_POINT('Control Point',(-26.7480414677,-8.84867725197,58.2458531918)) ;
#675=CARTESIAN_POINT('Control Point',(-31.3471654473,-9.40892891613,57.8815025112)) ;
#676=CARTESIAN_POINT('Control Point',(-33.1828230014,-10.571409497,53.2085829636)) ;
#677=CARTESIAN_POINT('Control Point',(-28.5836990205,-10.0111578328,53.5729336442)) ;
#678=CARTESIAN_POINT('Control Point',(-24.6502435767,-18.882474258,55.7113369111)) ;
#679=CARTESIAN_POINT('Control Point',(-20.320546947,-16.9403791342,55.7127124457)) ;
#680=CARTESIAN_POINT('Control Point',(-22.8838856932,-17.0088393834,60.2052875356)) ;
#681=CARTESIAN_POINT('Control Point',(-27.213582323,-18.9509345072,60.2039120053)) ;
#682=CARTESIAN_POINT('Control Point',(-28.9799402043,-20.8245693818,55.7099613809)) ;
#683=CARTESIAN_POINT('Control Point',(-24.6502435767,-18.882474258,55.7113369111)) ;
#684=CARTESIAN_POINT('Control Point',(-17.4380721543,-25.7079505622,57.8573171779)) ;
#685=CARTESIAN_POINT('Control Point',(-13.9125808552,-22.5597777258,57.5761443623)) ;
#686=CARTESIAN_POINT('Control Point',(-16.1688898604,-23.1415557652,62.1822041843)) ;
#687=CARTESIAN_POINT('Control Point',(-19.6943811595,-26.2897286016,62.4633769927)) ;
#688=CARTESIAN_POINT('Control Point',(-20.9635634571,-28.8561233986,58.1384899863)) ;
#689=CARTESIAN_POINT('Control Point',(-17.4380721543,-25.7079505622,57.8573171779)) ;
#690=CARTESIAN_POINT('Control Point',(-11.891964677,-28.7410618381,59.2031655531)) ;
#691=CARTESIAN_POINT('Control Point',(-9.05201004466,-24.9748791016,58.7929074922)) ;
#692=CARTESIAN_POINT('Control Point',(-11.1179193915,-25.8401537647,63.4425257511)) ;
#693=CARTESIAN_POINT('Control Point',(-13.9578740148,-29.6063365014,63.852783739)) ;
#694=CARTESIAN_POINT('Control Point',(-14.7319193094,-32.5072445166,59.6134232791)) ;
#695=CARTESIAN_POINT('Control Point',(-11.891964677,-28.7410618381,59.2031655531)) ;
#696=CARTESIAN_POINT('Control Point',(-5.81768569472,-30.2338752269,60.5491729359)) ;
#697=CARTESIAN_POINT('Control Point',(-3.79490829884,-26.0302840648,60.0643810574)) ;
#698=CARTESIAN_POINT('Control Point',(-5.64245149086,-27.1965787382,64.7386606866)) ;
#699=CARTESIAN_POINT('Control Point',(-7.66522888671,-31.4001699004,65.2234525649)) ;
#700=CARTESIAN_POINT('Control Point',(-7.84046309057,-34.4374663891,61.033964814)) ;
#701=CARTESIAN_POINT('Control Point',(-5.81768569472,-30.2338752269,60.5491729359)) ;
#702=CARTESIAN_POINT('Control Point',(0.246729099961,-30.1883413366,61.8926823888)) ;
#703=CARTESIAN_POINT('Control Point',(1.38313014535,-25.7590708917,61.3925264234)) ;
#704=CARTESIAN_POINT('Control Point',(-0.171986777187,-27.2203407676,66.071874851)) ;
#705=CARTESIAN_POINT('Control Point',(-1.30838782258,-31.6496112126,66.5720308164)) ;
#706=CARTESIAN_POINT('Control Point',(-0.88967194543,-34.6176117816,62.3928383541)) ;
#707=CARTESIAN_POINT('Control Point',(0.246729099961,-30.1883413366,61.8926823888)) ;
#709=CARTESIAN_POINT('Control Point',(-0.228984821312,29.5374670414,40.9723185251)) ;
#710=CARTESIAN_POINT('Control Point',(-5.89716827053,29.4971019919,42.2534529644)) ;
#711=CARTESIAN_POINT('Control Point',(-11.5577796766,28.1102462595,43.5289657673)) ;
#712=CARTESIAN_POINT('Control Point',(-16.7878128383,25.3775119773,44.7991542941)) ;
#713=CARTESIAN_POINT('Control Point',(-23.8246209249,19.1493666731,46.8375431795)) ;
#714=CARTESIAN_POINT('Control Point',(-28.0039572746,10.8815114865,48.8770990366)) ;
#715=CARTESIAN_POINT('Control Point',(-29.11805675,7.54987577236,49.6472097883)) ;
#716=CARTESIAN_POINT('Control Point',(-30.3620806222,0.561188433102,51.2094249036)) ;
#717=CARTESIAN_POINT('Control Point',(-29.5367574525,-6.5133878106,52.7775834339)) ;
#718=CARTESIAN_POINT('Control Point',(-28.5836990205,-10.0111578328,53.5729336442)) ;
#719=CARTESIAN_POINT('Control Point',(-24.6502435767,-18.882474258,55.7113369111)) ;
#720=CARTESIAN_POINT('Control Point',(-17.4380721543,-25.7079505622,57.8573171779)) ;
#721=CARTESIAN_POINT('Control Point',(-11.891964677,-28.7410618381,59.2031655531)) ;
#722=CARTESIAN_POINT('Control Point',(-5.81768569472,-30.2338752269,60.5491729359)) ;
#723=CARTESIAN_POINT('Control Point',(0.246729099961,-30.1883413366,61.8926823888)) ;
#724=CARTESIAN_POINT('Vertex',(0.246729099961,-30.1883413366,61.8926823888)) ;
#728=CARTESIAN_POINT('Control Point',(0.228984821312,30.4625329586,43.0276814749)) ;
#729=CARTESIAN_POINT('Control Point',(-5.61602338139,30.502898008,44.3118809225)) ;
#730=CARTESIAN_POINT('Control Point',(-11.4686036334,29.1282201723,45.6017017497)) ;
#731=CARTESIAN_POINT('Control Point',(-16.866723322,26.3374240872,46.8962554846)) ;
#732=CARTESIAN_POINT('Control Point',(-24.0851518621,19.9564510494,48.9811501018)) ;
#733=CARTESIAN_POINT('Control Point',(-28.3170098473,11.5231455927,51.0648777558)) ;
#734=CARTESIAN_POINT('Control Point',(-29.4334166405,8.13427845913,51.8501315278)) ;
#735=CARTESIAN_POINT('Control Point',(-30.6575247343,1.05219077581,53.4377917753)) ;
#736=CARTESIAN_POINT('Control Point',(-29.7893313797,-6.06509964384,55.0195086017)) ;
#737=CARTESIAN_POINT('Control Point',(-28.8156512391,-9.56998045843,55.8183057475)) ;
#738=CARTESIAN_POINT('Control Point',(-24.8494887921,-18.4311806016,57.9579683413)) ;
#739=CARTESIAN_POINT('Control Point',(-17.6848538326,-25.2117963728,60.0900538823)) ;
#740=CARTESIAN_POINT('Control Point',(-12.2149306901,-28.2321534783,61.4254101072)) ;
#741=CARTESIAN_POINT('Control Point',(-6.23576294175,-29.7661247731,62.7651147808)) ;
#742=CARTESIAN_POINT('Control Point',(-0.246729099961,-29.8116586634,64.1073176112)) ;
#743=CARTESIAN_POINT('Vertex',(-0.246729099961,-29.8116586634,64.1073176112)) ;
#747=CARTESIAN_POINT('Control Point',(0.246729099961,-30.1883413366,61.8926823888)) ;
#748=CARTESIAN_POINT('Control Point',(1.38313014535,-25.7590708917,61.3925264234)) ;
#749=CARTESIAN_POINT('Control Point',(-0.171986777187,-27.2203407676,66.071874851)) ;
#750=CARTESIAN_POINT('Control Point',(-1.30838782258,-31.6496112126,66.5720308164)) ;
#751=CARTESIAN_POINT('Control Point',(-0.88967194543,-34.6176117816,62.3928383541)) ;
#752=CARTESIAN_POINT('Control Point',(0.246729099961,-30.1883413366,61.8926823888)) ;
#762=CARTESIAN_POINT('Control Point',(0.246729099961,-30.1883413366,61.8926823888)) ;
#763=CARTESIAN_POINT('Control Point',(1.38313014535,-25.7590708917,61.3925264234)) ;
#764=CARTESIAN_POINT('Control Point',(-0.171986777187,-27.2203407676,66.071874851)) ;
#765=CARTESIAN_POINT('Control Point',(-1.30838782258,-31.6496112126,66.5720308164)) ;
#766=CARTESIAN_POINT('Control Point',(-0.88967194543,-34.6176117816,62.3928383541)) ;
#767=CARTESIAN_POINT('Control Point',(0.246729099961,-30.1883413366,61.8926823888)) ;
#768=CARTESIAN_POINT('Control Point',(6.5640865375,-30.1409082582,63.2922287138)) ;
#769=CARTESIAN_POINT('Control Point',(6.77714107141,-25.4765456024,62.7760678356)) ;
#770=CARTESIAN_POINT('Control Point',(5.5266473339,-27.2450938967,67.460696477)) ;
#771=CARTESIAN_POINT('Control Point',(5.31359280001,-31.9094565525,67.9768573565)) ;
#772=CARTESIAN_POINT('Control Point',(6.35103200359,-34.8052709142,63.8083895923)) ;
#773=CARTESIAN_POINT('Control Point',(6.5640865375,-30.1409082582,63.2922287138)) ;
#774=CARTESIAN_POINT('Control Point',(12.8695233321,-28.4578168721,64.6945241058)) ;
#775=CARTESIAN_POINT('Control Point',(12.1127474917,-23.8099596369,64.098173609)) ;
#776=CARTESIAN_POINT('Control Point',(11.2378057154,-25.7335403994,68.809179968)) ;
#777=CARTESIAN_POINT('Control Point',(11.9945815657,-30.3813973823,69.4055301206)) ;
#778=CARTESIAN_POINT('Control Point',(13.6262991489,-33.1056740288,65.2908741619)) ;
#779=CARTESIAN_POINT('Control Point',(12.8695233321,-28.4578168327,64.6945241058)) ;
#780=CARTESIAN_POINT('Control Point',(18.603745768,-25.1428738775,66.0989635856)) ;
#781=CARTESIAN_POINT('Control Point',(16.9230359503,-20.7695286458,65.3637142293)) ;
#782=CARTESIAN_POINT('Control Point',(16.3884907714,-22.6786104145,70.1195428017)) ;
#783=CARTESIAN_POINT('Control Point',(18.0692005851,-27.0519556442,70.854792158)) ;
#784=CARTESIAN_POINT('Control Point',(20.2844555778,-29.5162191072,66.8342129577)) ;
#785=CARTESIAN_POINT('Control Point',(18.603745768,-25.1428738775,66.0989635856)) ;
#786=CARTESIAN_POINT('Control Point',(25.8525319303,-17.8197615149,68.3185324826)) ;
#787=CARTESIAN_POINT('Control Point',(22.9410218556,-14.2241052101,67.2898247676)) ;
#788=CARTESIAN_POINT('Control Point',(22.7568972765,-15.9947746757,72.1189867989)) ;
#789=CARTESIAN_POINT('Control Point',(25.6684073535,-19.5904309816,73.147694514)) ;
#790=CARTESIAN_POINT('Control Point',(28.7640420096,-21.4154178209,69.3472401887)) ;
#791=CARTESIAN_POINT('Control Point',(25.8525319303,-17.8197615149,68.3185324826)) ;
#792=CARTESIAN_POINT('Control Point',(29.5752716213,-8.4185501672,70.5529094254)) ;
#793=CARTESIAN_POINT('Control Point',(25.8987606484,-5.94740968498,69.1666930246)) ;
#794=CARTESIAN_POINT('Control Point',(25.8496216935,-7.58567670963,74.0419813979)) ;
#795=CARTESIAN_POINT('Control Point',(29.5261326652,-10.0568171912,75.4281977987)) ;
#796=CARTESIAN_POINT('Control Point',(33.2517825917,-10.8896906488,71.9391258313)) ;
#797=CARTESIAN_POINT('Control Point',(29.5752716213,-8.4185501672,70.5529094254)) ;
#798=CARTESIAN_POINT('Control Point',(30.4080663537,-4.81935586739,71.3668438735)) ;
#799=CARTESIAN_POINT('Control Point',(26.5234694215,-2.78826771807,69.8461851894)) ;
#800=CARTESIAN_POINT('Control Point',(26.499688143,-4.39292632737,74.7323386734)) ;
#801=CARTESIAN_POINT('Control Point',(30.3842850752,-6.42401447685,76.2529973574)) ;
#802=CARTESIAN_POINT('Control Point',(34.2926632859,-6.85044401606,72.8875025575)) ;
#803=CARTESIAN_POINT('Control Point',(30.4080663537,-4.81935586739,71.3668438735)) ;
#804=CARTESIAN_POINT('Control Point',(30.9738449761,2.58646914025,73.0111574306)) ;
#805=CARTESIAN_POINT('Control Point',(26.8152490836,3.70164365408,71.2199765851)) ;
#806=CARTESIAN_POINT('Control Point',(26.8247921778,2.11774906922,76.1131542742)) ;
#807=CARTESIAN_POINT('Control Point',(30.9833880702,1.00257455556,77.9043351197)) ;
#808=CARTESIAN_POINT('Control Point',(35.1324408685,1.47129462577,74.8023382761)) ;
#809=CARTESIAN_POINT('Control Point',(30.9738449761,2.58646914025,73.0111574306)) ;
#810=CARTESIAN_POINT('Control Point',(29.3244356899,9.85055464721,74.6603525722)) ;
#811=CARTESIAN_POINT('Control Point',(25.1675976172,10.046324236,72.6157246406)) ;
#812=CARTESIAN_POINT('Control Point',(25.2316515964,8.39979587902,77.4878626802)) ;
#813=CARTESIAN_POINT('Control Point',(29.3884896692,8.2040262901,79.5324906118)) ;
#814=CARTESIAN_POINT('Control Point',(33.4812737627,9.65478505912,76.7049805038)) ;
#815=CARTESIAN_POINT('Control Point',(29.3244356899,9.85055464721,74.6603525722)) ;
#816=CARTESIAN_POINT('Control Point',(27.9382502962,13.359608343,75.4915642406)) ;
#817=CARTESIAN_POINT('Control Point',(23.8480140567,13.1056025353,73.3277691866)) ;
#818=CARTESIAN_POINT('Control Point',(23.9595156736,11.4087677693,78.1826057016)) ;
#819=CARTESIAN_POINT('Control Point',(28.0497519158,11.662773577,80.3464007555)) ;
#820=CARTESIAN_POINT('Control Point',(32.0284865397,13.6136141493,77.6553592892)) ;
#821=CARTESIAN_POINT('Control Point',(27.9382502962,13.359608343,75.4915642406)) ;
#822=CARTESIAN_POINT('Control Point',(23.2496679349,21.3538680355,77.5385184983)) ;
#823=CARTESIAN_POINT('Control Point',(19.463450029,20.047399524,75.109593921)) ;
#824=CARTESIAN_POINT('Control Point',(19.7699824669,18.2148372422,79.9109469542)) ;
#825=CARTESIAN_POINT('Control Point',(23.556200369,19.5213057538,82.3398715316)) ;
#826=CARTESIAN_POINT('Control Point',(27.0358858351,22.6603365491,79.9674430834)) ;
#827=CARTESIAN_POINT('Control Point',(23.2496679349,21.3538680355,77.5385184983)) ;
#828=CARTESIAN_POINT('Control Point',(15.8693613796,27.1932009871,79.5781511549)) ;
#829=CARTESIAN_POINT('Control Point',(12.6879768449,24.9998542319,76.9634740195)) ;
#830=CARTESIAN_POINT('Control Point',(13.3793001005,23.0976521623,81.7009415252)) ;
#831=CARTESIAN_POINT('Control Point',(16.5606846409,25.2909989175,84.3156186606)) ;
#832=CARTESIAN_POINT('Control Point',(19.0507459229,29.3865477395,82.1928282789)) ;
#833=CARTESIAN_POINT('Control Point',(15.8693613796,27.1932009871,79.5781511549)) ;
#834=CARTESIAN_POINT('Control Point',(10.7625851171,29.6132675095,80.7836460279)) ;
#835=CARTESIAN_POINT('Control Point',(8.02247833361,26.9666734339,78.0915870059)) ;
#836=CARTESIAN_POINT('Control Point',(9.0100166179,25.0958984735,82.7959194669)) ;
#837=CARTESIAN_POINT('Control Point',(11.7501234205,27.7424926516,85.4879778739)) ;
#838=CARTESIAN_POINT('Control Point',(13.5026919142,32.259861608,83.4757046398)) ;
#839=CARTESIAN_POINT('Control Point',(10.7625851171,29.6132675095,80.7836460279)) ;
#840=CARTESIAN_POINT('Control Point',(5.28705437274,30.8080193905,81.9825501925)) ;
#841=CARTESIAN_POINT('Control Point',(3.06441142817,27.7828140516,79.2457150859)) ;
#842=CARTESIAN_POINT('Control Point',(4.3614334123,26.0633391587,83.9303740006)) ;
#843=CARTESIAN_POINT('Control Point',(6.58407635681,29.0885444977,86.6672091069)) ;
#844=CARTESIAN_POINT('Control Point',(7.50969731731,33.8332247294,84.7193852988)) ;
#845=CARTESIAN_POINT('Control Point',(5.28705437274,30.8080193905,81.9825501925)) ;
#846=CARTESIAN_POINT('Control Point',(-0.184196568479,30.7779361082,83.1733277338)) ;
#847=CARTESIAN_POINT('Control Point',(-1.82122932599,27.4712470433,80.4263418985)) ;
#848=CARTESIAN_POINT('Control Point',(-0.265926673318,26.012847143,85.106523881)) ;
#849=CARTESIAN_POINT('Control Point',(1.37110608419,29.3195362079,87.8535097163)) ;
#850=CARTESIAN_POINT('Control Point',(1.45283618903,34.0846251731,85.920313569)) ;
#851=CARTESIAN_POINT('Control Point',(-0.184196568479,30.7779361082,83.1733277338)) ;
#853=CARTESIAN_POINT('Control Point',(0.246729099961,-30.1883413366,61.8926823888)) ;
#854=CARTESIAN_POINT('Control Point',(6.5640865375,-30.1409082582,63.2922287138)) ;
#855=CARTESIAN_POINT('Control Point',(12.8695233321,-28.4578168721,64.6945241058)) ;
#856=CARTESIAN_POINT('Control Point',(18.603745768,-25.1428738775,66.0989635856)) ;
#857=CARTESIAN_POINT('Control Point',(25.8525319303,-17.8197615149,68.3185324826)) ;
#858=CARTESIAN_POINT('Control Point',(29.5752716213,-8.4185501672,70.5529094254)) ;
#859=CARTESIAN_POINT('Control Point',(30.4080663537,-4.81935586739,71.3668438735)) ;
#860=CARTESIAN_POINT('Control Point',(30.9738449761,2.58646914025,73.0111574306)) ;
#861=CARTESIAN_POINT('Control Point',(29.3244356899,9.85055464721,74.6603525722)) ;
#862=CARTESIAN_POINT('Control Point',(27.9382502962,13.359608343,75.4915642406)) ;
#863=CARTESIAN_POINT('Control Point',(23.2496679349,21.3538680355,77.5385184983)) ;
#864=CARTESIAN_POINT('Control Point',(15.8693613796,27.1932009871,79.5781511549)) ;
#865=CARTESIAN_POINT('Control Point',(10.7625851171,29.6132675095,80.7836460279)) ;
#866=CARTESIAN_POINT('Control Point',(5.28705437274,30.8080193905,81.9825501925)) ;
#867=CARTESIAN_POINT('Control Point',(-0.184196568479,30.7779361082,83.1733277338)) ;
#868=CARTESIAN_POINT('Vertex',(-0.184196568479,30.7779361082,83.1733277338)) ;
#872=CARTESIAN_POINT('Control Point',(-0.246729099961,-29.8116586634,64.1073176112)) ;
#873=CARTESIAN_POINT('Control Point',(5.99210330222,-29.8590917414,65.5055028153)) ;
#874=CARTESIAN_POINT('Control Point',(12.2428584834,-28.2576428668,66.90093952)) ;
#875=CARTESIAN_POINT('Control Point',(17.9162957222,-25.0040784532,68.2930655347)) ;
#876=CARTESIAN_POINT('Control Point',(25.0325921233,-17.8061821719,70.4759365684)) ;
#877=CARTESIAN_POINT('Control Point',(28.6315744,-8.61989855873,72.6439995125)) ;
#878=CARTESIAN_POINT('Control Point',(29.4250264814,-5.11391313467,73.4297559444)) ;
#879=CARTESIAN_POINT('Control Point',(29.93896755,2.07331547624,75.0099510638)) ;
#880=CARTESIAN_POINT('Control Point',(28.3172531614,9.07623286597,76.5852646091)) ;
#881=CARTESIAN_POINT('Control Point',(26.971442046,12.4476895079,77.3780337339)) ;
#882=CARTESIAN_POINT('Control Point',(22.4563796757,20.110969767,79.3319638716)) ;
#883=CARTESIAN_POINT('Control Point',(15.4196768762,25.6937632632,81.2932156225)) ;
#884=CARTESIAN_POINT('Control Point',(10.5713275699,28.0162315389,82.4627972979)) ;
#885=CARTESIAN_POINT('Control Point',(5.37990462865,29.1919806094,83.6406708731)) ;
#886=CARTESIAN_POINT('Control Point',(0.184196568479,29.2220638918,84.8266722662)) ;
#887=CARTESIAN_POINT('Vertex',(0.184196568479,29.2220638918,84.8266722662)) ;
#891=CARTESIAN_POINT('Control Point',(-0.184196568479,30.7779361082,83.1733277338)) ;
#892=CARTESIAN_POINT('Control Point',(-1.82122932599,27.4712470433,80.4263418985)) ;
#893=CARTESIAN_POINT('Control Point',(-0.265926673318,26.012847143,85.106523881)) ;
#894=CARTESIAN_POINT('Control Point',(1.37110608419,29.3195362079,87.8535097163)) ;
#895=CARTESIAN_POINT('Control Point',(1.45283618903,34.0846251731,85.920313569)) ;
#896=CARTESIAN_POINT('Control Point',(-0.184196568479,30.7779361082,83.1733277338)) ;
#906=CARTESIAN_POINT('Control Point',(-0.184196568479,30.7779361082,83.1733277338)) ;
#907=CARTESIAN_POINT('Control Point',(-1.82122932599,27.4712470433,80.4263418985)) ;
#908=CARTESIAN_POINT('Control Point',(-0.265926673318,26.012847143,85.106523881)) ;
#909=CARTESIAN_POINT('Control Point',(1.37110608419,29.3195362079,87.8535097163)) ;
#910=CARTESIAN_POINT('Control Point',(1.45283618903,34.0846251731,85.920313569)) ;
#911=CARTESIAN_POINT('Control Point',(-0.184196568479,30.7779361082,83.1733277338)) ;
#912=CARTESIAN_POINT('Control Point',(-6.35655257828,30.743997849,84.516695639)) ;
#913=CARTESIAN_POINT('Control Point',(-7.33293302047,27.1197547589,81.7582583253)) ;
#914=CARTESIAN_POINT('Control Point',(-5.48625273141,25.9558849068,86.4333896871)) ;
#915=CARTESIAN_POINT('Control Point',(-4.50987228922,29.5801279969,89.191827)) ;
#916=CARTESIAN_POINT('Control Point',(-5.38017213611,34.3682409388,87.2751329534)) ;
#917=CARTESIAN_POINT('Control Point',(-6.35655257828,30.743997849,84.516695639)) ;
#918=CARTESIAN_POINT('Control Point',(-12.5188414908,29.1743063391,85.870433235)) ;
#919=CARTESIAN_POINT('Control Point',(-12.7674573314,25.4389771675,83.0565691869)) ;
#920=CARTESIAN_POINT('Control Point',(-10.703218309,24.5755077563,87.7071590391)) ;
#921=CARTESIAN_POINT('Control Point',(-10.4546024793,28.3108368338,90.521022825)) ;
#922=CARTESIAN_POINT('Control Point',(-12.2702256557,32.9096356695,88.6842968791)) ;
#923=CARTESIAN_POINT('Control Point',(-12.5188414908,29.1743063391,85.870433235)) ;
#924=CARTESIAN_POINT('Control Point',(-18.165520284,26.0731481501,87.2334604101)) ;
#925=CARTESIAN_POINT('Control Point',(-17.7153188696,22.4469870345,84.3242224222)) ;
#926=CARTESIAN_POINT('Control Point',(-15.4611571848,21.866598373,88.931505648)) ;
#927=CARTESIAN_POINT('Control Point',(-15.9113586028,25.4927594904,91.8407436359)) ;
#928=CARTESIAN_POINT('Control Point',(-18.615721702,29.6993092766,90.1426983981)) ;
#929=CARTESIAN_POINT('Control Point',(-18.165520284,26.0731481501,87.2334604101)) ;
#930=CARTESIAN_POINT('Control Point',(-25.5342389044,19.1048766647,89.4205657954)) ;
#931=CARTESIAN_POINT('Control Point',(-24.1595436206,15.9111379257,86.3164217372)) ;
#932=CARTESIAN_POINT('Control Point',(-21.5995276272,15.8421990437,90.8107149812)) ;
#933=CARTESIAN_POINT('Control Point',(-22.974222909,19.0359377817,93.9148590395)) ;
#934=CARTESIAN_POINT('Control Point',(-26.9089341862,22.2986153973,92.5247098537)) ;
#935=CARTESIAN_POINT('Control Point',(-25.5342389044,19.1048766647,89.4205657954)) ;
#936=CARTESIAN_POINT('Control Point',(-29.6087165251,10.0149805583,91.6284796642)) ;
#937=CARTESIAN_POINT('Control Point',(-27.6522749946,7.47781508152,88.3033280984)) ;
#938=CARTESIAN_POINT('Control Point',(-24.892528898,8.07688219388,92.6144482189)) ;
#939=CARTESIAN_POINT('Control Point',(-26.8489704298,10.6140476713,95.9395997846)) ;
#940=CARTESIAN_POINT('Control Point',(-31.565158057,12.5521460389,94.9536312299)) ;
#941=CARTESIAN_POINT('Control Point',(-29.6087165251,10.0149805583,91.6284796642)) ;
#942=CARTESIAN_POINT('Control Point',(-30.6092827485,6.44087514628,92.4496553297)) ;
#943=CARTESIAN_POINT('Control Point',(-28.4880846952,4.16326064736,89.042304413)) ;
#944=CARTESIAN_POINT('Control Point',(-25.6768984498,5.0362772837,93.2758416557)) ;
#945=CARTESIAN_POINT('Control Point',(-27.798096503,7.31389178277,96.6831925724)) ;
#946=CARTESIAN_POINT('Control Point',(-32.730480803,8.71848964519,95.8570062463)) ;
#947=CARTESIAN_POINT('Control Point',(-30.6092827485,6.44087514628,92.4496553297)) ;
#948=CARTESIAN_POINT('Control Point',(-31.5165370668,-0.866403744038,94.0872715664)) ;
#949=CARTESIAN_POINT('Control Point',(-29.1594666961,-2.62455828744,90.5228215863)) ;
#950=CARTESIAN_POINT('Control Point',(-26.3204943795,-1.15637536853,94.5853849458)) ;
#951=CARTESIAN_POINT('Control Point',(-28.6775647502,0.601779174718,98.1498349259)) ;
#952=CARTESIAN_POINT('Control Point',(-33.8736074363,0.891750799365,97.6517215465)) ;
#953=CARTESIAN_POINT('Control Point',(-31.5165370668,-0.866403744038,94.0872715664)) ;
#954=CARTESIAN_POINT('Control Point',(-30.275543855,-8.13333964504,95.727515567)) ;
#955=CARTESIAN_POINT('Control Point',(-27.8313934146,-9.39486383816,92.0274818076)) ;
#956=CARTESIAN_POINT('Control Point',(-25.1558502571,-7.27379963622,95.8978025762)) ;
#957=CARTESIAN_POINT('Control Point',(-27.6000006975,-6.01227544296,99.5978363356)) ;
#958=CARTESIAN_POINT('Control Point',(-32.7196942967,-6.87181545193,99.4275493264)) ;
#959=CARTESIAN_POINT('Control Point',(-30.275543855,-8.13333964504,95.727515567)) ;
#960=CARTESIAN_POINT('Control Point',(-29.1287918655,-11.6330704319,96.5427742939)) ;
#961=CARTESIAN_POINT('Control Point',(-26.6699042831,-12.6605611239,92.7827844694)) ;
#962=CARTESIAN_POINT('Control Point',(-24.1334620493,-10.2103807494,96.5550470752)) ;
#963=CARTESIAN_POINT('Control Point',(-26.5923496305,-9.18289005744,100.315036905)) ;
#964=CARTESIAN_POINT('Control Point',(-31.5876794454,-10.6055797399,100.302764123)) ;
#965=CARTESIAN_POINT('Control Point',(-29.1287918655,-11.6330704319,96.5427742939)) ;
#966=CARTESIAN_POINT('Control Point',(-24.7859847778,-20.2946864447,98.690832023)) ;
#967=CARTESIAN_POINT('Control Point',(-22.3365306459,-20.7379029468,94.794319436)) ;
#968=CARTESIAN_POINT('Control Point',(-20.3350830305,-17.4543895295,98.3120064486)) ;
#969=CARTESIAN_POINT('Control Point',(-22.7845371644,-17.0111730273,102.208519028)) ;
#970=CARTESIAN_POINT('Control Point',(-27.2354389138,-19.8514699425,102.587344602)) ;
#971=CARTESIAN_POINT('Control Point',(-24.7859847778,-20.2946864447,98.690832023)) ;
#972=CARTESIAN_POINT('Control Point',(-17.3897385376,-26.8378252664,100.822699459)) ;
#973=CARTESIAN_POINT('Control Point',(-15.0466010549,-26.756140815,96.8448745839)) ;
#974=CARTESIAN_POINT('Control Point',(-13.9925827354,-22.854061475,100.145141783)) ;
#975=CARTESIAN_POINT('Control Point',(-16.3357202148,-22.9357459264,104.122966672)) ;
#976=CARTESIAN_POINT('Control Point',(-19.7328760136,-26.9195097179,104.800524348)) ;
#977=CARTESIAN_POINT('Control Point',(-17.3897385376,-26.8378252664,100.822699459)) ;
#978=CARTESIAN_POINT('Control Point',(-11.8848228441,-29.6990558284,102.134912248)) ;
#979=CARTESIAN_POINT('Control Point',(-9.62266966244,-29.2959622779,98.1265911923)) ;
#980=CARTESIAN_POINT('Control Point',(-9.29797481136,-25.1708385008,101.322917187)) ;
#981=CARTESIAN_POINT('Control Point',(-11.5601279888,-25.5739320511,105.331237899)) ;
#982=CARTESIAN_POINT('Control Point',(-14.1469760219,-30.1021494716,106.143233066)) ;
#983=CARTESIAN_POINT('Control Point',(-11.8848228441,-29.6990558284,102.134912248)) ;
#984=CARTESIAN_POINT('Control Point',(-5.91186882024,-31.1253078065,103.435724167)) ;
#985=CARTESIAN_POINT('Control Point',(-3.77714749279,-30.3714938908,99.410144972)) ;
#986=CARTESIAN_POINT('Control Point',(-4.23879481174,-26.247169622,102.545943506)) ;
#987=CARTESIAN_POINT('Control Point',(-6.37351613918,-27.0009835376,106.571522701)) ;
#988=CARTESIAN_POINT('Control Point',(-8.04659014768,-31.8791217223,107.461303362)) ;
#989=CARTESIAN_POINT('Control Point',(-5.91186882024,-31.1253078065,103.435724167)) ;
#990=CARTESIAN_POINT('Control Point',(0.0617330724024,-31.1144183395,104.722942619)) ;
#991=CARTESIAN_POINT('Control Point',(1.98447676847,-30.0061888152,100.69368909)) ;
#992=CARTESIAN_POINT('Control Point',(0.776172630824,-26.1026302194,103.816545379)) ;
#993=CARTESIAN_POINT('Control Point',(-1.14657106524,-27.2108597437,107.845798908)) ;
#994=CARTESIAN_POINT('Control Point',(-1.86101062366,-32.2226478637,108.752196148)) ;
#995=CARTESIAN_POINT('Control Point',(0.0617330724024,-31.1144183395,104.722942619)) ;
#997=CARTESIAN_POINT('Control Point',(-0.184196568479,30.7779361082,83.1733277338)) ;
#998=CARTESIAN_POINT('Control Point',(-6.35655257828,30.743997849,84.516695639)) ;
#999=CARTESIAN_POINT('Control Point',(-12.5188414908,29.1743063391,85.870433235)) ;
#1000=CARTESIAN_POINT('Control Point',(-18.165520284,26.0731481501,87.2334604101)) ;
#1001=CARTESIAN_POINT('Control Point',(-25.5342389044,19.1048766647,89.4205657954)) ;
#1002=CARTESIAN_POINT('Control Point',(-29.6087165251,10.0149805583,91.6284796642)) ;
#1003=CARTESIAN_POINT('Control Point',(-30.6092827485,6.44087514628,92.4496553297)) ;
#1004=CARTESIAN_POINT('Control Point',(-31.5165370668,-0.866403744038,94.0872715664)) ;
#1005=CARTESIAN_POINT('Control Point',(-30.275543855,-8.13333964504,95.727515567)) ;
#1006=CARTESIAN_POINT('Control Point',(-29.1287918655,-11.6330704319,96.5427742939)) ;
#1007=CARTESIAN_POINT('Control Point',(-24.7859847778,-20.2946864447,98.690832023)) ;
#1008=CARTESIAN_POINT('Control Point',(-17.3897385376,-26.8378252664,100.822699459)) ;
#1009=CARTESIAN_POINT('Control Point',(-11.8848228441,-29.6990558284,102.134912248)) ;
#1010=CARTESIAN_POINT('Control Point',(-5.91186882024,-31.1253078065,103.435724167)) ;
#1011=CARTESIAN_POINT('Control Point',(0.0617330724024,-31.1144183395,104.722942619)) ;
#1012=CARTESIAN_POINT('Vertex',(0.0617330724024,-31.1144183395,104.722942619)) ;
#1016=CARTESIAN_POINT('Control Point',(0.184196568479,29.2220638918,84.8266722662)) ;
#1017=CARTESIAN_POINT('Control Point',(-5.6773075443,29.2560021504,86.1646519914)) ;
#1018=CARTESIAN_POINT('Control Point',(-11.5488759432,27.8087393369,87.492262033)) ;
#1019=CARTESIAN_POINT('Control Point',(-16.9258890893,24.8764135422,88.809792526)) ;
#1020=CARTESIAN_POINT('Control Point',(-23.910557086,18.2719725379,90.8916764029)) ;
#1021=CARTESIAN_POINT('Control Point',(-27.7397330947,9.68022274591,92.952751833)) ;
#1022=CARTESIAN_POINT('Control Point',(-28.6733901126,6.30797983976,93.7145862219)) ;
#1023=CARTESIAN_POINT('Control Point',(-29.5077833157,-0.571850920472,95.2274407511)) ;
#1024=CARTESIAN_POINT('Control Point',(-28.3267346663,-7.38818859232,96.7376675115)) ;
#1025=CARTESIAN_POINT('Control Point',(-27.2458488524,-10.6648529177,97.4889081425)) ;
#1026=CARTESIAN_POINT('Control Point',(-23.1728974381,-18.7637338615,99.4755473795)) ;
#1027=CARTESIAN_POINT('Control Point',(-16.2769450055,-24.8663644836,101.478376845)) ;
#1028=CARTESIAN_POINT('Control Point',(-11.1569371216,-27.5357205638,102.730994866)) ;
#1029=CARTESIAN_POINT('Control Point',(-5.60901214785,-28.8746921932,103.997228635)) ;
#1030=CARTESIAN_POINT('Control Point',(-0.0617330724026,-28.8855816605,105.277057381)) ;
#1031=CARTESIAN_POINT('Vertex',(-0.0617330724026,-28.8855816605,105.277057381)) ;
#1035=CARTESIAN_POINT('Control Point',(0.0617330724024,-31.1144183395,104.722942619)) ;
#1036=CARTESIAN_POINT('Control Point',(1.98447676847,-30.0061888152,100.69368909)) ;
#1037=CARTESIAN_POINT('Control Point',(0.776172630824,-26.1026302194,103.816545379)) ;
#1038=CARTESIAN_POINT('Control Point',(-1.14657106524,-27.2108597437,107.845798908)) ;
#1039=CARTESIAN_POINT('Control Point',(-1.86101062366,-32.2226478637,108.752196148)) ;
#1040=CARTESIAN_POINT('Control Point',(0.0617330724024,-31.1144183395,104.722942619)) ;
#1050=CARTESIAN_POINT('Control Point',(0.0617330724024,-31.1144183395,104.722942619)) ;
#1051=CARTESIAN_POINT('Control Point',(1.98447676847,-30.0061888152,100.69368909)) ;
#1052=CARTESIAN_POINT('Control Point',(0.776172630824,-26.1026302194,103.816545379)) ;
#1053=CARTESIAN_POINT('Control Point',(-1.14657106524,-27.2108597437,107.845798908)) ;
#1054=CARTESIAN_POINT('Control Point',(-1.86101062366,-32.2226478637,108.752196148)) ;
#1055=CARTESIAN_POINT('Control Point',(0.0617330724024,-31.1144183395,104.722942619)) ;
#1056=CARTESIAN_POINT('Control Point',(5.48981313491,-31.1045233205,105.892609587)) ;
#1057=CARTESIAN_POINT('Control Point',(7.21993743081,-29.6742441638,101.860017273)) ;
#1058=CARTESIAN_POINT('Control Point',(5.33316274596,-25.9712904591,104.971113228)) ;
#1059=CARTESIAN_POINT('Control Point',(3.60303845007,-27.401569616,109.003705544)) ;
#1060=CARTESIAN_POINT('Control Point',(3.759688839,-32.5348024771,109.925201903)) ;
#1061=CARTESIAN_POINT('Control Point',(5.48981313491,-31.1045233205,105.892609587)) ;
#1062=CARTESIAN_POINT('Control Point',(10.9134236576,-29.9138470227,107.073507546)) ;
#1063=CARTESIAN_POINT('Control Point',(12.3860953685,-28.2482914659,103.026461374)) ;
#1064=CARTESIAN_POINT('Control Point',(9.87114489685,-24.8592154912,106.086429058)) ;
#1065=CARTESIAN_POINT('Control Point',(8.39847318614,-26.5247711196,110.133475539)) ;
#1066=CARTESIAN_POINT('Control Point',(9.44075195279,-31.5794026285,111.120553741)) ;
#1067=CARTESIAN_POINT('Control Point',(10.9134236576,-29.9138470227,107.073507546)) ;
#1068=CARTESIAN_POINT('Control Point',(15.989206335,-27.5456632335,108.264332781)) ;
#1069=CARTESIAN_POINT('Control Point',(17.1914496595,-25.7462929904,104.193049155)) ;
#1070=CARTESIAN_POINT('Control Point',(14.1099261544,-22.7670225257,107.164859909)) ;
#1071=CARTESIAN_POINT('Control Point',(12.9076828272,-24.5663927689,111.236143535)) ;
#1072=CARTESIAN_POINT('Control Point',(14.7869630104,-29.3450334739,112.335616396)) ;
#1073=CARTESIAN_POINT('Control Point',(15.989206335,-27.5456632335,108.264332781)) ;
#1074=CARTESIAN_POINT('Control Point',(23.7339125201,-21.5607956962,110.381833371)) ;
#1075=CARTESIAN_POINT('Control Point',(24.5196042775,-19.6493061165,106.262739272)) ;
#1076=CARTESIAN_POINT('Control Point',(20.569205425,-17.5678185552,109.013589341)) ;
#1077=CARTESIAN_POINT('Control Point',(19.7835136697,-19.4793081348,113.13268344)) ;
#1078=CARTESIAN_POINT('Control Point',(22.9482207628,-23.4722852779,114.500927478)) ;
#1079=CARTESIAN_POINT('Control Point',(23.7339125201,-21.5607956962,110.381833371)) ;
#1080=CARTESIAN_POINT('Control Point',(28.6637405022,-13.2152540782,112.522300178)) ;
#1081=CARTESIAN_POINT('Control Point',(29.15217246,-11.2971278021,108.367415044)) ;
#1082=CARTESIAN_POINT('Control Point',(24.6591824606,-10.3793607046,110.799429753)) ;
#1083=CARTESIAN_POINT('Control Point',(24.1707505013,-12.2974869807,114.954314888)) ;
#1084=CARTESIAN_POINT('Control Point',(28.1753085445,-15.1333803527,116.677185306)) ;
#1085=CARTESIAN_POINT('Control Point',(28.6637405022,-13.2152540782,112.522300178)) ;
#1086=CARTESIAN_POINT('Control Point',(30.1705340853,-9.2829108358,113.450793978)) ;
#1087=CARTESIAN_POINT('Control Point',(30.5554127007,-7.36580453357,109.285633124)) ;
#1088=CARTESIAN_POINT('Control Point',(25.9018000371,-6.99489126591,111.563963088)) ;
#1089=CARTESIAN_POINT('Control Point',(25.5169214216,-8.91199756795,115.729123935)) ;
#1090=CARTESIAN_POINT('Control Point',(29.7856554698,-11.2000171378,117.615954832)) ;
#1091=CARTESIAN_POINT('Control Point',(30.1705340853,-9.28291083571,113.450793984)) ;
#1092=CARTESIAN_POINT('Control Point',(31.8476746321,-0.923914197456,115.343944619)) ;
#1093=CARTESIAN_POINT('Control Point',(32.0480482327,1.01264992429,111.173464286)) ;
#1094=CARTESIAN_POINT('Control Point',(27.2523336556,0.210017608074,113.116612126)) ;
#1095=CARTESIAN_POINT('Control Point',(27.0519600549,-1.72654651387,117.287092466)) ;
#1096=CARTESIAN_POINT('Control Point',(31.6473010314,-2.8604783194,119.514424952)) ;
#1097=CARTESIAN_POINT('Control Point',(31.8476746321,-0.923914197559,115.343944612)) ;
#1098=CARTESIAN_POINT('Control Point',(30.68019988,7.5284356624,117.237779362)) ;
#1099=CARTESIAN_POINT('Control Point',(30.6892473907,9.52847116637,113.093367833)) ;
#1100=CARTESIAN_POINT('Control Point',(26.1573877987,7.52189502366,114.68290284)) ;
#1101=CARTESIAN_POINT('Control Point',(26.148340288,5.5218595199,118.827314363)) ;
#1102=CARTESIAN_POINT('Control Point',(30.6711523694,5.52840015864,121.382190892)) ;
#1103=CARTESIAN_POINT('Control Point',(30.68019988,7.52843566251,117.237779369)) ;
#1104=CARTESIAN_POINT('Control Point',(29.3453938185,11.6797338094,118.19876616)) ;
#1105=CARTESIAN_POINT('Control Point',(29.2393309597,13.7242476073,114.075752752)) ;
#1106=CARTESIAN_POINT('Control Point',(24.9550286956,11.1223880215,115.488003284)) ;
#1107=CARTESIAN_POINT('Control Point',(25.0610915544,9.07787422275,119.611016706)) ;
#1108=CARTESIAN_POINT('Control Point',(29.4514566773,9.63522001325,122.321779575)) ;
#1109=CARTESIAN_POINT('Control Point',(29.3453938185,11.6797338094,118.19876616)) ;
#1110=CARTESIAN_POINT('Control Point',(24.6330498347,20.6322805255,120.433209984)) ;
#1111=CARTESIAN_POINT('Control Point',(24.1823405608,22.7715823703,116.37226572)) ;
#1112=CARTESIAN_POINT('Control Point',(20.7289702607,18.8930045162,117.396092115)) ;
#1113=CARTESIAN_POINT('Control Point',(21.1796795346,16.7537026725,121.45703636)) ;
#1114=CARTESIAN_POINT('Control Point',(25.0837591087,18.4929786785,124.494154239)) ;
#1115=CARTESIAN_POINT('Control Point',(24.6330498347,20.6322805255,120.433209984)) ;
#1116=CARTESIAN_POINT('Control Point',(16.7525373916,27.1515587855,122.643570096)) ;
#1117=CARTESIAN_POINT('Control Point',(15.79250312,29.263047597,118.653642744)) ;
#1118=CARTESIAN_POINT('Control Point',(13.6700952517,24.4985469296,119.380905876)) ;
#1119=CARTESIAN_POINT('Control Point',(14.6301295233,22.3870581165,123.370833252)) ;
#1120=CARTESIAN_POINT('Control Point',(17.7125716632,25.040069977,126.633497459)) ;
#1121=CARTESIAN_POINT('Control Point',(16.7525373916,27.1515587855,122.643570096)) ;
#1122=CARTESIAN_POINT('Control Point',(11.462509936,29.7618907292,123.894954205)) ;
#1123=CARTESIAN_POINT('Control Point',(10.1611988833,31.7726792753,119.939966995)) ;
#1124=CARTESIAN_POINT('Control Point',(8.92210540848,26.6871503299,120.542544137)) ;
#1125=CARTESIAN_POINT('Control Point',(10.223416471,24.6763618985,124.497531248)) ;
#1126=CARTESIAN_POINT('Control Point',(12.7638209967,27.7511022919,127.849940568)) ;
#1127=CARTESIAN_POINT('Control Point',(11.462509936,29.7618907292,123.894954205)) ;
#1128=CARTESIAN_POINT('Control Point',(5.77442876185,31.0747099288,125.134872944)) ;
#1129=CARTESIAN_POINT('Control Point',(4.13857406711,32.8598740316,121.200529335)) ;
#1130=CARTESIAN_POINT('Control Point',(3.8389317491,27.6684522665,121.730661099)) ;
#1131=CARTESIAN_POINT('Control Point',(5.47478644384,25.8832881637,125.665004707)) ;
#1132=CARTESIAN_POINT('Control Point',(7.41028345658,29.289545826,129.069216553)) ;
#1133=CARTESIAN_POINT('Control Point',(5.77442876185,31.0747099288,125.134872944)) ;
#1134=CARTESIAN_POINT('Control Point',(0.0808161538653,31.0883087668,126.36270205)) ;
#1135=CARTESIAN_POINT('Control Point',(-1.81975760329,32.5391169684,122.432946975)) ;
#1136=CARTESIAN_POINT('Control Point',(-1.19273534017,27.4604778003,122.947016311)) ;
#1137=CARTESIAN_POINT('Control Point',(0.707838416981,26.0096695988,126.876771387)) ;
#1138=CARTESIAN_POINT('Control Point',(1.98138991102,29.6375005652,130.292457126)) ;
#1139=CARTESIAN_POINT('Control Point',(0.0808161538653,31.0883087668,126.36270205)) ;
#1141=CARTESIAN_POINT('Control Point',(0.0617330724024,-31.1144183395,104.722942619)) ;
#1142=CARTESIAN_POINT('Control Point',(5.48981313491,-31.1045233205,105.892609587)) ;
#1143=CARTESIAN_POINT('Control Point',(10.9134236576,-29.9138470227,107.073507546)) ;
#1144=CARTESIAN_POINT('Control Point',(15.989206335,-27.5456632335,108.264332781)) ;
#1145=CARTESIAN_POINT('Control Point',(23.7339125201,-21.5607956962,110.381833371)) ;
#1146=CARTESIAN_POINT('Control Point',(28.6637405022,-13.2152540782,112.522300178)) ;
#1147=CARTESIAN_POINT('Control Point',(30.1705340853,-9.2829108358,113.450793978)) ;
#1148=CARTESIAN_POINT('Control Point',(31.8476746321,-0.923914197456,115.343944619)) ;
#1149=CARTESIAN_POINT('Control Point',(30.68019988,7.5284356624,117.237779362)) ;
#1150=CARTESIAN_POINT('Control Point',(29.3453938185,11.6797338094,118.19876616)) ;
#1151=CARTESIAN_POINT('Control Point',(24.6330498347,20.6322805255,120.433209984)) ;
#1152=CARTESIAN_POINT('Control Point',(16.7525373916,27.1515587855,122.643570096)) ;
#1153=CARTESIAN_POINT('Control Point',(11.462509936,29.7618907292,123.894954205)) ;
#1154=CARTESIAN_POINT('Control Point',(5.77442876185,31.0747099288,125.134872944)) ;
#1155=CARTESIAN_POINT('Control Point',(0.0808161538653,31.0883087668,126.36270205)) ;
#1156=CARTESIAN_POINT('Vertex',(0.0808161538653,31.0883087668,126.36270205)) ;
#1160=CARTESIAN_POINT('Control Point',(-0.0617330724026,-28.8855816605,105.277057381)) ;
#1161=CARTESIAN_POINT('Control Point',(4.97895686646,-28.895476679,106.440009487)) ;
#1162=CARTESIAN_POINT('Control Point',(10.0241163503,-27.8029201702,107.591729925)) ;
#1163=CARTESIAN_POINT('Control Point',(14.7490054129,-25.6061854401,108.73241725)) ;
#1164=CARTESIAN_POINT('Control Point',(21.9551360337,-20.0421795209,110.727484882)) ;
#1165=CARTESIAN_POINT('Control Point',(26.5393534916,-12.2768389602,112.699586249)) ;
#1166=CARTESIAN_POINT('Control Point',(27.9399474073,-8.61817762633,113.548668745)) ;
#1167=CARTESIAN_POINT('Control Point',(29.4999107437,-0.841089325217,115.272898457)) ;
#1168=CARTESIAN_POINT('Control Point',(28.4165319617,7.02515646713,116.996443983)) ;
#1169=CARTESIAN_POINT('Control Point',(27.1767269718,10.889932466,117.874138078)) ;
#1170=CARTESIAN_POINT('Control Point',(22.7936873662,19.2278170597,119.92988711)) ;
#1171=CARTESIAN_POINT('Control Point',(15.4513248895,25.2971806547,122.009719831)) ;
#1172=CARTESIAN_POINT('Control Point',(10.5176354389,27.7218234353,123.207495843)) ;
#1173=CARTESIAN_POINT('Control Point',(5.21564392916,28.9252900719,124.416352924)) ;
#1174=CARTESIAN_POINT('Control Point',(-0.0808161538647,28.9116912332,125.63729795)) ;
#1175=CARTESIAN_POINT('Vertex',(-0.0808161538647,28.9116912332,125.63729795)) ;
#1179=CARTESIAN_POINT('Control Point',(0.0808161538653,31.0883087668,126.36270205)) ;
#1180=CARTESIAN_POINT('Control Point',(-1.81975760329,32.5391169684,122.432946975)) ;
#1181=CARTESIAN_POINT('Control Point',(-1.19273534017,27.4604778003,122.947016311)) ;
#1182=CARTESIAN_POINT('Control Point',(0.707838416981,26.0096695988,126.876771387)) ;
#1183=CARTESIAN_POINT('Control Point',(1.98138991102,29.6375005652,130.292457126)) ;
#1184=CARTESIAN_POINT('Control Point',(0.0808161538653,31.0883087668,126.36270205)) ;
#1194=CARTESIAN_POINT('Control Point',(0.0808161538652,31.0883087668,126.36270205)) ;
#1195=CARTESIAN_POINT('Control Point',(-1.81975760329,32.5391169684,122.432946975)) ;
#1196=CARTESIAN_POINT('Control Point',(-1.19273534017,27.4604778003,122.947016311)) ;
#1197=CARTESIAN_POINT('Control Point',(0.707838416981,26.0096695988,126.876771387)) ;
#1198=CARTESIAN_POINT('Control Point',(1.98138991102,29.6375005652,130.292457126)) ;
#1199=CARTESIAN_POINT('Control Point',(0.0808161538652,31.0883087668,126.36270205)) ;
#1200=CARTESIAN_POINT('Control Point',(-5.88831705962,31.1025656684,127.649947249)) ;
#1201=CARTESIAN_POINT('Control Point',(-8.06641993508,32.2028380932,123.725002751)) ;
#1202=CARTESIAN_POINT('Control Point',(-6.46789070446,27.2424392072,124.222232381)) ;
#1203=CARTESIAN_POINT('Control Point',(-4.289787829,26.1421667824,128.14717688)) ;
#1204=CARTESIAN_POINT('Control Point',(-3.71021418417,30.0022932437,131.574891749)) ;
#1205=CARTESIAN_POINT('Control Point',(-5.88831705962,31.1025656684,127.649947249)) ;
#1206=CARTESIAN_POINT('Control Point',(-11.8576059462,29.6795255444,128.95046965)) ;
#1207=CARTESIAN_POINT('Control Point',(-14.2286016723,30.4160087584,125.048101388)) ;
#1208=CARTESIAN_POINT('Control Point',(-11.7002403163,25.7982438537,125.466501136)) ;
#1209=CARTESIAN_POINT('Control Point',(-9.32924459348,25.0617606,129.368869266)) ;
#1210=CARTESIAN_POINT('Control Point',(-9.48661022962,28.9430423573,132.852838019)) ;
#1211=CARTESIAN_POINT('Control Point',(-11.8576059462,29.6795255444,128.95046965)) ;
#1212=CARTESIAN_POINT('Control Point',(-17.3580115476,26.8213173968,130.26191813)) ;
#1213=CARTESIAN_POINT('Control Point',(-19.869199278,27.2070816691,126.399207863)) ;
#1214=CARTESIAN_POINT('Control Point',(-16.5173642108,23.1351525657,126.681442908)) ;
#1215=CARTESIAN_POINT('Control Point',(-14.0061764804,22.7493882934,130.544153175)) ;
#1216=CARTESIAN_POINT('Control Point',(-14.8468238172,26.4355531211,134.124628397)) ;
#1217=CARTESIAN_POINT('Control Point',(-17.3580115476,26.8213173968,130.26191813)) ;
#1218=CARTESIAN_POINT('Control Point',(-24.7270055358,20.3024080509,132.386168397)) ;
#1219=CARTESIAN_POINT('Control Point',(-27.4207054796,20.0973938671,128.624278901)) ;
#1220=CARTESIAN_POINT('Control Point',(-23.0082795645,17.1729587348,128.606146633)) ;
#1221=CARTESIAN_POINT('Control Point',(-20.3145796208,17.3779729186,132.368036128)) ;
#1222=CARTESIAN_POINT('Control Point',(-22.0333055921,20.5074222367,136.148057892)) ;
#1223=CARTESIAN_POINT('Control Point',(-24.7270055358,20.3024080509,132.386168397)) ;
#1224=CARTESIAN_POINT('Control Point',(-29.0600127743,11.6797911222,134.525351643)) ;
#1225=CARTESIAN_POINT('Control Point',(-31.8043701051,10.8065575207,130.924022237)) ;
#1226=CARTESIAN_POINT('Control Point',(-26.8517917782,9.29813641898,130.515920664)) ;
#1227=CARTESIAN_POINT('Control Point',(-24.1074344474,10.1713700205,134.11725007)) ;
#1228=CARTESIAN_POINT('Control Point',(-26.3156554435,12.5530247225,138.126681049)) ;
#1229=CARTESIAN_POINT('Control Point',(-29.0600127743,11.6797911222,134.525351643)) ;
#1230=CARTESIAN_POINT('Control Point',(-30.2034552177,8.21226328047,135.333494242)) ;
#1231=CARTESIAN_POINT('Control Point',(-32.9433610345,7.07308593572,131.801256766)) ;
#1232=CARTESIAN_POINT('Control Point',(-27.8693665946,6.12295481509,131.236806122)) ;
#1233=CARTESIAN_POINT('Control Point',(-25.129460779,7.26213215984,134.769043569)) ;
#1234=CARTESIAN_POINT('Control Point',(-27.4635494034,9.35144062537,138.865731708)) ;
#1235=CARTESIAN_POINT('Control Point',(-30.2034552177,8.21226328047,135.333494242)) ;
#1236=CARTESIAN_POINT('Control Point',(-31.4640445578,0.960204017706,136.970768725)) ;
#1237=CARTESIAN_POINT('Control Point',(-34.1271817892,-0.743577863882,133.59355391)) ;
#1238=CARTESIAN_POINT('Control Point',(-28.9806648753,-0.550312085347,132.703459025)) ;
#1239=CARTESIAN_POINT('Control Point',(-26.3175276427,1.15346979624,136.08067387)) ;
#1240=CARTESIAN_POINT('Control Point',(-28.8009073239,2.66398589914,140.347983551)) ;
#1241=CARTESIAN_POINT('Control Point',(-31.4640445578,0.960204017706,136.970768725)) ;
#1242=CARTESIAN_POINT('Control Point',(-30.5796549734,-6.3393169364,138.605064479)) ;
#1243=CARTESIAN_POINT('Control Point',(-32.9977289631,-8.62734571363,135.403710083)) ;
#1244=CARTESIAN_POINT('Control Point',(-28.1162465354,-7.33329136997,134.189467018)) ;
#1245=CARTESIAN_POINT('Control Point',(-25.698172547,-5.04526259275,137.390821383)) ;
#1246=CARTESIAN_POINT('Control Point',(-28.1615809863,-4.05128815902,141.806418865)) ;
#1247=CARTESIAN_POINT('Control Point',(-30.5796549734,-6.3393169364,138.605064479)) ;
#1248=CARTESIAN_POINT('Control Point',(-29.5802972667,-9.93502804736,139.43025195)) ;
#1249=CARTESIAN_POINT('Control Point',(-31.8229221343,-12.5153232997,136.320704255)) ;
#1250=CARTESIAN_POINT('Control Point',(-27.1586521702,-10.6932718837,134.948031229)) ;
#1251=CARTESIAN_POINT('Control Point',(-24.9160273013,-8.11297663145,138.057578913)) ;
#1252=CARTESIAN_POINT('Control Point',(-27.3376723965,-7.35473279634,142.539799624)) ;
#1253=CARTESIAN_POINT('Control Point',(-29.5802972667,-9.93502804736,139.43025195)) ;
#1254=CARTESIAN_POINT('Control Point',(-25.5101316452,-19.0371379251,141.639196124)) ;
#1255=CARTESIAN_POINT('Control Point',(-27.1331840004,-22.3513982744,138.773470835)) ;
#1256=CARTESIAN_POINT('Control Point',(-23.2443692231,-19.2301417518,137.003229791)) ;
#1257=CARTESIAN_POINT('Control Point',(-21.6213168701,-15.9158814025,139.868955097)) ;
#1258=CARTESIAN_POINT('Control Point',(-23.8870792944,-15.7228775737,144.504921448)) ;
#1259=CARTESIAN_POINT('Control Point',(-25.5101316452,-19.0371379251,141.639196124)) ;
#1260=CARTESIAN_POINT('Control Point',(-18.1372266244,-26.0092600183,143.827824651)) ;
#1261=CARTESIAN_POINT('Control Point',(-18.775826865,-29.811585473,141.173272075)) ;
#1262=CARTESIAN_POINT('Control Point',(-16.089407618,-25.7734817884,139.103050745)) ;
#1263=CARTESIAN_POINT('Control Point',(-15.4508073739,-21.9711563337,141.757603293)) ;
#1264=CARTESIAN_POINT('Control Point',(-17.4986263766,-22.2069345671,146.48237717)) ;
#1265=CARTESIAN_POINT('Control Point',(-18.1372266244,-26.0092600183,143.827824651)) ;
#1266=CARTESIAN_POINT('Control Point',(-12.5030335418,-29.1041343706,145.188855278)) ;
#1267=CARTESIAN_POINT('Control Point',(-12.4028266444,-33.040905447,142.636436472)) ;
#1268=CARTESIAN_POINT('Control Point',(-10.574498148,-28.6225080762,140.432218087)) ;
#1269=CARTESIAN_POINT('Control Point',(-10.674705029,-24.6857368914,142.9846377)) ;
#1270=CARTESIAN_POINT('Control Point',(-12.6032404238,-25.1673631567,147.741274372)) ;
#1271=CARTESIAN_POINT('Control Point',(-12.5030335418,-29.1041343706,145.188855278)) ;
#1272=CARTESIAN_POINT('Control Point',(-6.3552529621,-30.6717934957,146.541373473)) ;
#1273=CARTESIAN_POINT('Control Point',(-5.4843188677,-34.5162160101,144.048258343)) ;
#1274=CARTESIAN_POINT('Control Point',(-4.56562864974,-29.9068307712,141.766819634)) ;
#1275=CARTESIAN_POINT('Control Point',(-5.43656274412,-26.0624082569,144.259934761)) ;
#1276=CARTESIAN_POINT('Control Point',(-7.22618705651,-26.8273709814,149.034488602)) ;
#1277=CARTESIAN_POINT('Control Point',(-6.3552529621,-30.6717934957,146.541373473)) ;
#1278=CARTESIAN_POINT('Control Point',(-0.19707069888,-30.7081025098,147.884451228)) ;
#1279=CARTESIAN_POINT('Control Point',(1.38066554579,-34.2459074231,145.40358752)) ;
#1280=CARTESIAN_POINT('Control Point',(1.38008021897,-29.6445949274,143.106214461)) ;
#1281=CARTESIAN_POINT('Control Point',(-0.197656025694,-26.106790014,145.587078169)) ;
#1282=CARTESIAN_POINT('Control Point',(-1.77480694355,-27.1702975964,150.365314936)) ;
#1283=CARTESIAN_POINT('Control Point',(-0.19707069888,-30.7081025098,147.884451228)) ;
#1285=CARTESIAN_POINT('Control Point',(0.0808161538652,31.0883087668,126.36270205)) ;
#1286=CARTESIAN_POINT('Control Point',(-5.88831705962,31.1025656684,127.649947249)) ;
#1287=CARTESIAN_POINT('Control Point',(-11.8576059462,29.6795255444,128.95046965)) ;
#1288=CARTESIAN_POINT('Control Point',(-17.3580115476,26.8213173968,130.26191813)) ;
#1289=CARTESIAN_POINT('Control Point',(-24.7270055358,20.3024080509,132.386168397)) ;
#1290=CARTESIAN_POINT('Control Point',(-29.0600127743,11.6797911222,134.525351643)) ;
#1291=CARTESIAN_POINT('Control Point',(-30.2034552177,8.21226328047,135.333494242)) ;
#1292=CARTESIAN_POINT('Control Point',(-31.4640445578,0.960204017706,136.970768725)) ;
#1293=CARTESIAN_POINT('Control Point',(-30.5796549734,-6.3393169364,138.605064479)) ;
#1294=CARTESIAN_POINT('Control Point',(-29.5802972667,-9.93502804736,139.43025195)) ;
#1295=CARTESIAN_POINT('Control Point',(-25.5101316452,-19.0371379251,141.639196124)) ;
#1296=CARTESIAN_POINT('Control Point',(-18.1372266244,-26.0092600183,143.827824651)) ;
#1297=CARTESIAN_POINT('Control Point',(-12.5030335418,-29.1041343706,145.188855278)) ;
#1298=CARTESIAN_POINT('Control Point',(-6.3552529621,-30.6717934957,146.541373473)) ;
#1299=CARTESIAN_POINT('Control Point',(-0.19707069888,-30.7081025098,147.884451228)) ;
#1300=CARTESIAN_POINT('Vertex',(-0.19707069888,-30.7081025098,147.884451228)) ;
#1304=CARTESIAN_POINT('Control Point',(-0.0808161538648,28.9116912332,125.63729795)) ;
#1305=CARTESIAN_POINT('Control Point',(-5.63357816318,28.8974343316,126.91732594)) ;
#1306=CARTESIAN_POINT('Control Point',(-11.1861742017,27.554763889,128.184077439)) ;
#1307=CARTESIAN_POINT('Control Point',(-16.3098909466,24.8817939127,129.437358086)) ;
#1308=CARTESIAN_POINT('Control Point',(-23.1942175642,18.788936939,131.436629888)) ;
#1309=CARTESIAN_POINT('Control Point',(-27.2698129435,10.7072721708,133.420968505)) ;
#1310=CARTESIAN_POINT('Control Point',(-28.3514344526,7.45240338399,134.168209542)) ;
#1311=CARTESIAN_POINT('Control Point',(-29.5565704081,0.630891436557,135.681417588)) ;
#1312=CARTESIAN_POINT('Control Point',(-28.7434322576,-6.26429695886,137.197604338)) ;
#1313=CARTESIAN_POINT('Control Point',(-27.8088185009,-9.66907615264,137.966528508)) ;
#1314=CARTESIAN_POINT('Control Point',(-23.9714873464,-18.3050747509,140.037644289)) ;
#1315=CARTESIAN_POINT('Control Point',(-16.9536670593,-24.9407895401,142.129075828)) ;
#1316=CARTESIAN_POINT('Control Point',(-11.5638175632,-27.87912841,143.448641622)) ;
#1317=CARTESIAN_POINT('Control Point',(-5.67817432951,-29.3282065049,144.777375335)) ;
#1318=CARTESIAN_POINT('Control Point',(0.19707069888,-29.2918974902,146.115548772)) ;
#1319=CARTESIAN_POINT('Vertex',(0.19707069888,-29.2918974902,146.115548772)) ;
#1323=CARTESIAN_POINT('Control Point',(-0.19707069888,-30.7081025098,147.884451228)) ;
#1324=CARTESIAN_POINT('Control Point',(1.38066554579,-34.2459074231,145.40358752)) ;
#1325=CARTESIAN_POINT('Control Point',(1.38008021897,-29.6445949274,143.106214461)) ;
#1326=CARTESIAN_POINT('Control Point',(-0.197656025694,-26.106790014,145.587078169)) ;
#1327=CARTESIAN_POINT('Control Point',(-1.77480694355,-27.1702975964,150.365314936)) ;
#1328=CARTESIAN_POINT('Control Point',(-0.19707069888,-30.7081025098,147.884451228)) ;
#1338=CARTESIAN_POINT('Control Point',(-0.19707069888,-30.7081025098,147.884451228)) ;
#1339=CARTESIAN_POINT('Control Point',(1.38066554579,-34.2459074231,145.40358752)) ;
#1340=CARTESIAN_POINT('Control Point',(1.38008021897,-29.6445949274,143.106214461)) ;
#1341=CARTESIAN_POINT('Control Point',(-0.197656025694,-26.106790014,145.587078169)) ;
#1342=CARTESIAN_POINT('Control Point',(-1.77480694355,-27.1702975964,150.365314936)) ;
#1343=CARTESIAN_POINT('Control Point',(-0.19707069888,-30.7081025098,147.884451228)) ;
#1344=CARTESIAN_POINT('Control Point',(5.43309997538,-30.7412983358,149.112371522)) ;
#1345=CARTESIAN_POINT('Control Point',(7.65703610878,-33.9987754901,146.642708781)) ;
#1346=CARTESIAN_POINT('Control Point',(6.81599526784,-29.4048435711,144.330767607)) ;
#1347=CARTESIAN_POINT('Control Point',(4.59205913443,-26.1473664166,146.80043035)) ;
#1348=CARTESIAN_POINT('Control Point',(3.20916384199,-27.4838211812,151.582034266)) ;
#1349=CARTESIAN_POINT('Control Point',(5.43309997538,-30.7412983358,149.112371522)) ;
#1350=CARTESIAN_POINT('Control Point',(11.0684510079,-29.4738268875,150.348159159)) ;
#1351=CARTESIAN_POINT('Control Point',(13.86761166,-32.334908209,147.929097811)) ;
#1352=CARTESIAN_POINT('Control Point',(12.2008757056,-27.9658685125,145.551418524)) ;
#1353=CARTESIAN_POINT('Control Point',(9.40171508058,-25.1047870515,147.970479682)) ;
#1354=CARTESIAN_POINT('Control Point',(8.26929037988,-26.6127453417,152.767220514)) ;
#1355=CARTESIAN_POINT('Control Point',(11.0684510079,-29.4738268875,150.348159159)) ;
#1356=CARTESIAN_POINT('Control Point',(16.29837404,-26.9054370705,151.589838211)) ;
#1357=CARTESIAN_POINT('Control Point',(19.5871743119,-29.2789662681,149.258307093)) ;
#1358=CARTESIAN_POINT('Control Point',(17.1912077663,-25.3396398214,146.767781006)) ;
#1359=CARTESIAN_POINT('Control Point',(13.9024074974,-22.9661106207,149.099312124)) ;
#1360=CARTESIAN_POINT('Control Point',(13.0095737711,-24.5319078698,153.921369305)) ;
#1361=CARTESIAN_POINT('Control Point',(16.29837404,-26.9054370705,151.589838211)) ;
#1362=CARTESIAN_POINT('Control Point',(23.636360007,-20.8411144607,153.651692279)) ;
#1363=CARTESIAN_POINT('Control Point',(27.5742071245,-22.2653719427,151.525479686)) ;
#1364=CARTESIAN_POINT('Control Point',(24.2422724368,-19.2804907902,148.786512743)) ;
#1365=CARTESIAN_POINT('Control Point',(20.3044253174,-17.8562333101,150.912725335)) ;
#1366=CARTESIAN_POINT('Control Point',(19.6985128876,-19.4168569806,155.777904886)) ;
#1367=CARTESIAN_POINT('Control Point',(23.636360007,-20.8411144607,153.651692279)) ;
#1368=CARTESIAN_POINT('Control Point',(28.1603789398,-12.6518892035,155.718661007)) ;
#1369=CARTESIAN_POINT('Control Point',(32.406260315,-12.9516238191,153.879572377)) ;
#1370=CARTESIAN_POINT('Control Point',(28.6391538791,-11.1249341056,150.830803246)) ;
#1371=CARTESIAN_POINT('Control Point',(24.3932725052,-10.8251994887,152.669891877)) ;
#1372=CARTESIAN_POINT('Control Point',(23.9144975658,-12.3521545866,157.557749627)) ;
#1373=CARTESIAN_POINT('Control Point',(28.1603789398,-12.6518892035,155.718661007)) ;
#1374=CARTESIAN_POINT('Control Point',(29.4405988199,-9.17512321634,156.534943427)) ;
#1375=CARTESIAN_POINT('Control Point',(33.7476500462,-9.00957664281,154.820181432)) ;
#1376=CARTESIAN_POINT('Control Point',(29.8926834701,-7.65194660856,151.643604937)) ;
#1377=CARTESIAN_POINT('Control Point',(25.5856322451,-7.81749318225,153.358366941)) ;
#1378=CARTESIAN_POINT('Control Point',(25.1335475962,-9.34066978987,158.249705421)) ;
#1379=CARTESIAN_POINT('Control Point',(29.4405988199,-9.17512321634,156.534943427)) ;
#1380=CARTESIAN_POINT('Control Point',(30.8978026601,-2.06785828347,158.140675896)) ;
#1381=CARTESIAN_POINT('Control Point',(35.1910100942,-0.96542463772,156.685709002)) ;
#1382=CARTESIAN_POINT('Control Point',(31.3190995108,-0.511159713638,153.256583787)) ;
#1383=CARTESIAN_POINT('Control Point',(27.0258920755,-1.61359335923,154.71155067)) ;
#1384=CARTESIAN_POINT('Control Point',(26.6045952235,-3.17029192922,159.595642789)) ;
#1385=CARTESIAN_POINT('Control Point',(30.8978026601,-2.06785828347,158.140675896)) ;
#1386=CARTESIAN_POINT('Control Point',(30.2447960324,5.1338793565,159.741248915)) ;
#1387=CARTESIAN_POINT('Control Point',(34.2489989383,7.15820431529,158.559368308)) ;
#1388=CARTESIAN_POINT('Control Point',(30.6234529951,6.80567764495,154.891686538)) ;
#1389=CARTESIAN_POINT('Control Point',(26.6192500904,4.78135268601,156.073567155)) ;
#1390=CARTESIAN_POINT('Control Point',(26.2405931289,3.10955439771,160.923129523)) ;
#1391=CARTESIAN_POINT('Control Point',(30.2447960324,5.1338793565,159.741248915)) ;
#1392=CARTESIAN_POINT('Control Point',(29.4085653636,8.60017600399,160.526954599)) ;
#1393=CARTESIAN_POINT('Control Point',(33.2012730048,11.0613461004,159.478827705)) ;
#1394=CARTESIAN_POINT('Control Point',(29.7504529574,10.3489673727,155.700932861)) ;
#1395=CARTESIAN_POINT('Control Point',(25.9577453162,7.88779727629,156.749059745)) ;
#1396=CARTESIAN_POINT('Control Point',(25.6158577248,6.1390059082,161.575081493)) ;
#1397=CARTESIAN_POINT('Control Point',(29.4085653636,8.60017600459,160.526954599)) ;
#1398=CARTESIAN_POINT('Control Point',(25.6982062572,17.8459938057,162.72850111)) ;
#1399=CARTESIAN_POINT('Control Point',(28.7118329134,21.4439718729,162.042115797)) ;
#1400=CARTESIAN_POINT('Control Point',(25.856928543,19.8415555118,157.982051071)) ;
#1401=CARTESIAN_POINT('Control Point',(22.8433018868,16.2435774445,158.668436401)) ;
#1402=CARTESIAN_POINT('Control Point',(22.6845795966,14.2480157373,163.414886422)) ;
#1403=CARTESIAN_POINT('Control Point',(25.6982062572,17.8459938046,162.72850111)) ;
#1404=CARTESIAN_POINT('Control Point',(18.5520404416,25.065407371,164.916895161)) ;
#1405=CARTESIAN_POINT('Control Point',(20.3316286635,29.4483027221,164.525351107)) ;
#1406=CARTESIAN_POINT('Control Point',(18.2747609226,27.2881141962,160.269176003)) ;
#1407=CARTESIAN_POINT('Control Point',(16.4951727006,22.9052188451,160.660720025)) ;
#1408=CARTESIAN_POINT('Control Point',(16.7724522275,20.6825120219,165.308439214)) ;
#1409=CARTESIAN_POINT('Control Point',(18.5520404416,25.065407373,164.916895161)) ;
#1410=CARTESIAN_POINT('Control Point',(12.8345763076,28.3710612785,166.3185025)) ;
#1411=CARTESIAN_POINT('Control Point',(13.6833787059,33.0365676331,166.067336886)) ;
#1412=CARTESIAN_POINT('Control Point',(12.1465108479,30.6502065959,161.727741728)) ;
#1413=CARTESIAN_POINT('Control Point',(11.2977084772,25.9847002413,161.978907653)) ;
#1414=CARTESIAN_POINT('Control Point',(11.985773919,23.705554924,166.56966868)) ;
#1415=CARTESIAN_POINT('Control Point',(12.8345763076,28.3710611683,166.3185025)) ;
#1416=CARTESIAN_POINT('Control Point',(6.54776211806,30.0495948742,167.719183503)) ;
#1417=CARTESIAN_POINT('Control Point',(6.42112529687,34.7435903832,167.549020832)) ;
#1418=CARTESIAN_POINT('Control Point',(5.40631451958,32.1982131316,163.161784867)) ;
#1419=CARTESIAN_POINT('Control Point',(5.53295134075,27.5042176226,163.331947536)) ;
#1420=CARTESIAN_POINT('Control Point',(6.67439893918,25.3555993653,167.889346173)) ;
#1421=CARTESIAN_POINT('Control Point',(6.54776211806,30.0495948743,167.719183503)) ;
#1422=CARTESIAN_POINT('Control Point',(0.249205498479,30.0975050636,169.118431662)) ;
#1423=CARTESIAN_POINT('Control Point',(-0.810065421131,34.5712317108,168.964434891)) ;
#1424=CARTESIAN_POINT('Control Point',(-1.27725195524,31.9443481328,164.567706629)) ;
#1425=CARTESIAN_POINT('Control Point',(-0.217981035631,27.4706214856,164.7217034)) ;
#1426=CARTESIAN_POINT('Control Point',(1.30847641809,25.6237784164,169.272428432)) ;
#1427=CARTESIAN_POINT('Control Point',(0.249205498479,30.0975050636,169.118431662)) ;
#1429=CARTESIAN_POINT('Control Point',(-0.19707069888,-30.7081025098,147.884451228)) ;
#1430=CARTESIAN_POINT('Control Point',(5.43309997538,-30.7412983358,149.112371522)) ;
#1431=CARTESIAN_POINT('Control Point',(11.0684510079,-29.4738268875,150.348159159)) ;
#1432=CARTESIAN_POINT('Control Point',(16.29837404,-26.9054370705,151.589838211)) ;
#1433=CARTESIAN_POINT('Control Point',(23.636360007,-20.8411144607,153.651692279)) ;
#1434=CARTESIAN_POINT('Control Point',(28.1603789398,-12.6518892035,155.718661007)) ;
#1435=CARTESIAN_POINT('Control Point',(29.4405988199,-9.17512321634,156.534943427)) ;
#1436=CARTESIAN_POINT('Control Point',(30.8978026601,-2.06785828347,158.140675896)) ;
#1437=CARTESIAN_POINT('Control Point',(30.2447960324,5.1338793565,159.741248915)) ;
#1438=CARTESIAN_POINT('Control Point',(29.4085653636,8.60017600399,160.526954599)) ;
#1439=CARTESIAN_POINT('Control Point',(25.6982062572,17.8459938057,162.72850111)) ;
#1440=CARTESIAN_POINT('Control Point',(18.5520404416,25.065407371,164.916895161)) ;
#1441=CARTESIAN_POINT('Control Point',(12.8345763076,28.3710612785,166.3185025)) ;
#1442=CARTESIAN_POINT('Control Point',(6.54776211806,30.0495948742,167.719183503)) ;
#1443=CARTESIAN_POINT('Control Point',(0.249205498479,30.0975050636,169.118431662)) ;
#1444=CARTESIAN_POINT('Vertex',(0.249205498479,30.0975050636,169.118431662)) ;
#1448=CARTESIAN_POINT('Control Point',(0.19707069888,-29.2918974902,146.115548772)) ;
#1449=CARTESIAN_POINT('Control Point',(5.56856358826,-29.2587016648,147.338985251)) ;
#1450=CARTESIAN_POINT('Control Point',(10.9348732035,-28.0045773067,148.554554132)) ;
#1451=CARTESIAN_POINT('Control Point',(15.9225908363,-25.5291561454,149.761692385)) ;
#1452=CARTESIAN_POINT('Control Point',(22.9548544418,-19.7047382557,151.750655661)) ;
#1453=CARTESIAN_POINT('Control Point',(27.3382960661,-11.8134780001,153.734504283)) ;
#1454=CARTESIAN_POINT('Control Point',(28.5898783391,-8.45492155587,154.517964683)) ;
#1455=CARTESIAN_POINT('Control Point',(30.0351492263,-1.56511740995,156.062371562)) ;
#1456=CARTESIAN_POINT('Control Point',(29.4330737878,5.46369726099,157.611937881)) ;
#1457=CARTESIAN_POINT('Control Point',(28.6313322505,8.85927916439,158.375975451)) ;
#1458=CARTESIAN_POINT('Control Point',(25.0241607355,17.9442801416,160.526872423)) ;
#1459=CARTESIAN_POINT('Control Point',(17.9685036276,25.0810369463,162.690921587)) ;
#1460=CARTESIAN_POINT('Control Point',(12.2783429863,28.3442573348,164.085913666)) ;
#1461=CARTESIAN_POINT('Control Point',(6.0086975241,29.9504051257,165.483024852)) ;
#1462=CARTESIAN_POINT('Control Point',(-0.249205498478,29.9024949364,166.881568338)) ;
#1463=CARTESIAN_POINT('Vertex',(-0.249205498479,29.9024949364,166.881568338)) ;
#1467=CARTESIAN_POINT('Control Point',(0.249205498479,30.0975050636,169.118431662)) ;
#1468=CARTESIAN_POINT('Control Point',(-0.810065421131,34.5712317108,168.964434891)) ;
#1469=CARTESIAN_POINT('Control Point',(-1.27725195524,31.9443481328,164.567706629)) ;
#1470=CARTESIAN_POINT('Control Point',(-0.217981035631,27.4706214856,164.7217034)) ;
#1471=CARTESIAN_POINT('Control Point',(1.30847641809,25.6237784164,169.272428432)) ;
#1472=CARTESIAN_POINT('Control Point',(0.249205498479,30.0975050636,169.118431662)) ;
#1482=CARTESIAN_POINT('Control Point',(2.51147826025E-16,28.85,2.13352552871E-16)) ;
#1483=CARTESIAN_POINT('Control Point',(5.06499121688E-16,28.85,4.6)) ;
#1484=CARTESIAN_POINT('Control Point',(4.4342530943E-16,33.45,2.3)) ;
#1485=CARTESIAN_POINT('Control Point',(1.88074013766E-16,33.45,-2.3)) ;
#1486=CARTESIAN_POINT('Control Point',(-4.20346963922E-18,28.85,-4.6)) ;
#1487=CARTESIAN_POINT('Control Point',(2.51147826025E-16,28.85,9.53088971722E-16)) ;
#1488=CARTESIAN_POINT('Control Point',(-5.5409550746,28.8500000003,1.279822084)) ;
#1489=CARTESIAN_POINT('Control Point',(-5.54095508019,28.834747377,5.8798220841)) ;
#1490=CARTESIAN_POINT('Control Point',(-6.42090090289,33.4423736873,3.59507470704)) ;
#1491=CARTESIAN_POINT('Control Point',(-6.42090089731,33.4576263104,-1.00492529308)) ;
#1492=CARTESIAN_POINT('Control Point',(-5.54095506902,28.8652526236,-3.32017791614)) ;
#1493=CARTESIAN_POINT('Control Point',(-5.5409550746,28.8500000003,1.279822084)) ;
#1494=CARTESIAN_POINT('Control Point',(-11.0850374231,27.5197657037,2.54560934198)) ;
#1495=CARTESIAN_POINT('Control Point',(-11.0777290571,27.4331210027,7.14554615641)) ;
#1496=CARTESIAN_POINT('Control Point',(-12.828766062,31.8659711017,4.93222240761)) ;
#1497=CARTESIAN_POINT('Control Point',(-12.836074428,31.952616101,0.33228561528)) ;
#1498=CARTESIAN_POINT('Control Point',(-11.092345789,27.6064104048,-2.05432742824)) ;
#1499=CARTESIAN_POINT('Control Point',(-11.0850374231,27.5197657037,2.54560934198)) ;
#1500=CARTESIAN_POINT('Control Point',(-16.1995278639,24.8567918562,3.79708853389)) ;
#1501=CARTESIAN_POINT('Control Point',(-16.1219622758,24.6486807913,8.39618721161)) ;
#1502=CARTESIAN_POINT('Control Point',(-18.6972605668,28.732833669,6.30649552842)) ;
#1503=CARTESIAN_POINT('Control Point',(-18.7748261582,28.9409447306,1.70739684822)) ;
#1504=CARTESIAN_POINT('Control Point',(-16.2770934487,25.0649029178,-0.802010146102)) ;
#1505=CARTESIAN_POINT('Control Point',(-16.1995278639,24.8567918562,3.79708853389)) ;
#1506=CARTESIAN_POINT('Control Point',(-23.0632921745,18.7835961402,5.79092485398)) ;
#1507=CARTESIAN_POINT('Control Point',(-22.7192958001,18.4143641151,10.3734503767)) ;
#1508=CARTESIAN_POINT('Control Point',(-26.4732912395,21.6541101896,8.56190861661)) ;
#1509=CARTESIAN_POINT('Control Point',(-26.8172876119,22.0233422167,3.97938309544)) ;
#1510=CARTESIAN_POINT('Control Point',(-23.4072885509,19.1528281673,1.20839933268)) ;
#1511=CARTESIAN_POINT('Control Point',(-23.0632921745,18.7835961402,5.79092485398)) ;
#1512=CARTESIAN_POINT('Control Point',(-27.1188803061,10.7336724117,7.76569346879)) ;
#1513=CARTESIAN_POINT('Control Point',(-26.3603155408,10.3891847727,12.2939671847)) ;
#1514=CARTESIAN_POINT('Control Point',(-30.915547651,12.4171146982,10.8556854969)) ;
#1515=CARTESIAN_POINT('Control Point',(-31.6741124175,12.761602336,6.32741178008)) ;
#1516=CARTESIAN_POINT('Control Point',(-27.8774450702,11.0781600495,3.23741975208)) ;
#1517=CARTESIAN_POINT('Control Point',(-27.1188803061,10.7336724117,7.76569346879)) ;
#1518=CARTESIAN_POINT('Control Point',(-28.194672838,7.49259552329,8.50883622807)) ;
#1519=CARTESIAN_POINT('Control Point',(-27.2663938164,7.19505361281,13.0101582161)) ;
#1520=CARTESIAN_POINT('Control Point',(-32.0584253207,8.72101248683,11.7234774392)) ;
#1521=CARTESIAN_POINT('Control Point',(-32.9867043399,9.0185543973,7.22215545061)) ;
#1522=CARTESIAN_POINT('Control Point',(-29.1229518621,7.79013743392,4.00751423946)) ;
#1523=CARTESIAN_POINT('Control Point',(-28.194672838,7.49259552329,8.50883622746)) ;
#1524=CARTESIAN_POINT('Control Point',(-29.38907682,0.704482446001,10.0122051937)) ;
#1525=CARTESIAN_POINT('Control Point',(-28.1226809075,0.591473556577,14.4451029707)) ;
#1526=CARTESIAN_POINT('Control Point',(-33.2391992669,1.03685023443,13.4787141027)) ;
#1527=CARTESIAN_POINT('Control Point',(-34.505595182,1.14985912385,9.04581632627)) ;
#1528=CARTESIAN_POINT('Control Point',(-30.6554727301,0.817491335268,5.57930741732)) ;
#1529=CARTESIAN_POINT('Control Point',(-29.38907682,0.704482446001,10.0122051943)) ;
#1530=CARTESIAN_POINT('Control Point',(-28.576471712,-6.14934132708,11.516668005)) ;
#1531=CARTESIAN_POINT('Control Point',(-27.0474308616,-5.91089117734,15.8576742362)) ;
#1532=CARTESIAN_POINT('Control Point',(-32.155954875,-6.60888517342,15.2189355719)) ;
#1533=CARTESIAN_POINT('Control Point',(-33.6849957228,-6.84733532316,10.8779293401)) ;
#1534=CARTESIAN_POINT('Control Point',(-30.1055125649,-6.38779147666,7.17566177312)) ;
#1535=CARTESIAN_POINT('Control Point',(-28.576471712,-6.14934132708,11.5166680043)) ;
#1536=CARTESIAN_POINT('Control Point',(-27.6473586916,-9.53312982974,12.2795160277)) ;
#1537=CARTESIAN_POINT('Control Point',(-26.0215761252,-9.07740106749,16.5691443698)) ;
#1538=CARTESIAN_POINT('Control Point',(-31.0358486976,-10.3527188893,16.0930142941)) ;
#1539=CARTESIAN_POINT('Control Point',(-32.6616312628,-10.8084476515,11.803385952)) ;
#1540=CARTESIAN_POINT('Control Point',(-29.273141258,-9.988858592,7.98988768625)) ;
#1541=CARTESIAN_POINT('Control Point',(-27.6473586916,-9.53312982974,12.2795160277)) ;
#1542=CARTESIAN_POINT('Control Point',(-23.8342505613,-18.1069127459,14.3331549459)) ;
#1543=CARTESIAN_POINT('Control Point',(-22.0859586768,-17.0004629499,18.4790477926)) ;
#1544=CARTESIAN_POINT('Control Point',(-26.6116683982,-19.76849497,18.4162435914)) ;
#1545=CARTESIAN_POINT('Control Point',(-28.3599602849,-20.874944766,14.2703507448)) ;
#1546=CARTESIAN_POINT('Control Point',(-25.5825424458,-19.213362542,10.1872620983)) ;
#1547=CARTESIAN_POINT('Control Point',(-23.8342505613,-18.1069127459,14.3331549459)) ;
#1548=CARTESIAN_POINT('Control Point',(-16.8761553895,-24.6904623085,16.4087009021)) ;
#1549=CARTESIAN_POINT('Control Point',(-15.4039949119,-22.878872822,20.4161215881)) ;
#1550=CARTESIAN_POINT('Control Point',(-18.8677493367,-26.875140679,20.676383454)) ;
#1551=CARTESIAN_POINT('Control Point',(-20.3399098107,-28.6867301654,16.6689627679)) ;
#1552=CARTESIAN_POINT('Control Point',(-18.3483158671,-26.5020517949,12.4012802178)) ;
#1553=CARTESIAN_POINT('Control Point',(-16.8761553895,-24.6904623085,16.4087009021)) ;
#1554=CARTESIAN_POINT('Control Point',(-11.5361600724,-27.6147182233,17.7210273205)) ;
#1555=CARTESIAN_POINT('Control Point',(-10.417167672,-25.4247836859,21.6578157855)) ;
#1556=CARTESIAN_POINT('Control Point',(-13.0301322408,-30.0112486168,22.0659585883)) ;
#1557=CARTESIAN_POINT('Control Point',(-14.1491246448,-32.2011832412,18.1291699931)) ;
#1558=CARTESIAN_POINT('Control Point',(-12.6551524727,-29.8046528914,13.7842388561)) ;
#1559=CARTESIAN_POINT('Control Point',(-11.5361600724,-27.6147182233,17.7210273205)) ;
#1560=CARTESIAN_POINT('Control Point',(-5.69539205338,-29.0623110374,19.0472452887)) ;
#1561=CARTESIAN_POINT('Control Point',(-5.04546726566,-26.6528710096,22.9428153783)) ;
#1562=CARTESIAN_POINT('Control Point',(-6.68791380086,-31.6083468735,23.4363725913)) ;
#1563=CARTESIAN_POINT('Control Point',(-7.3378385886,-34.0177869012,19.540802502)) ;
#1564=CARTESIAN_POINT('Control Point',(-6.34531684109,-31.4717510652,15.1516751995)) ;
#1565=CARTESIAN_POINT('Control Point',(-5.69539205338,-29.0623110374,19.0472452887)) ;
#1566=CARTESIAN_POINT('Control Point',(0.136737085123,-29.0370844008,20.386325397)) ;
#1567=CARTESIAN_POINT('Control Point',(0.295592604877,-26.5823859888,24.2733834915)) ;
#1568=CARTESIAN_POINT('Control Point',(-0.330783495491,-31.6613975916,24.7845528562)) ;
#1569=CARTESIAN_POINT('Control Point',(-0.489639015245,-34.1160960036,20.8974947617)) ;
#1570=CARTESIAN_POINT('Control Point',(-0.0221184346314,-31.4917828128,16.4992673025)) ;
#1571=CARTESIAN_POINT('Control Point',(0.136737085123,-29.0370844008,20.386325397)) ;
#1573=CARTESIAN_POINT('Control Point',(-1.43723884169E-15,28.85,6.27022004937E-16)) ;
#1574=CARTESIAN_POINT('Control Point',(-1.16277493681E-15,28.85,4.6)) ;
#1575=CARTESIAN_POINT('Control Point',(-1.49643824936E-15,33.45,2.3)) ;
#1576=CARTESIAN_POINT('Control Point',(-1.77090215505E-15,33.45,-2.3)) ;
#1577=CARTESIAN_POINT('Control Point',(-1.71170274577E-15,28.85,-4.6)) ;
#1578=CARTESIAN_POINT('Control Point',(-1.43723884169E-15,28.85,1.36675842379E-15)) ;
#1581=CARTESIAN_POINT('Control Point',(0.136737085123,-29.0370844008,20.386325397)) ;
#1582=CARTESIAN_POINT('Control Point',(0.295592604877,-26.5823859888,24.2733834915)) ;
#1583=CARTESIAN_POINT('Control Point',(-0.330783495491,-31.6613975916,24.7845528562)) ;
#1584=CARTESIAN_POINT('Control Point',(-0.489639015245,-34.1160960036,20.8974947617)) ;
#1585=CARTESIAN_POINT('Control Point',(-0.0221184346314,-31.4917828128,16.4992673025)) ;
#1586=CARTESIAN_POINT('Control Point',(0.136737085123,-29.0370844008,20.386325397)) ;
#1596=CARTESIAN_POINT('Control Point',(0.136737085123,-29.0370844008,20.386325397)) ;
#1597=CARTESIAN_POINT('Control Point',(0.295592604877,-26.5823859888,24.2733834915)) ;
#1598=CARTESIAN_POINT('Control Point',(-0.330783495491,-31.6613975916,24.7845528562)) ;
#1599=CARTESIAN_POINT('Control Point',(-0.489639015245,-34.1160960036,20.8974947617)) ;
#1600=CARTESIAN_POINT('Control Point',(-0.0221184346314,-31.4917828128,16.4992673025)) ;
#1601=CARTESIAN_POINT('Control Point',(0.136737085123,-29.0370844008,20.386325397)) ;
#1602=CARTESIAN_POINT('Control Point',(5.71137515431,-29.0129715321,21.6662845288)) ;
#1603=CARTESIAN_POINT('Control Point',(5.40084233974,-26.5150129147,25.5452064368)) ;
#1604=CARTESIAN_POINT('Control Point',(5.74567671896,-31.7121060967,26.0732103691)) ;
#1605=CARTESIAN_POINT('Control Point',(6.05620953355,-34.210064714,22.1942884609)) ;
#1606=CARTESIAN_POINT('Control Point',(6.02190796889,-31.5109301493,17.7873626207)) ;
#1607=CARTESIAN_POINT('Control Point',(5.71137515431,-29.0129715321,21.6662845288)) ;
#1608=CARTESIAN_POINT('Control Point',(11.2833537051,-27.6589301109,22.9345094437)) ;
#1609=CARTESIAN_POINT('Control Point',(10.4966708936,-25.1829696706,26.7753071864)) ;
#1610=CARTESIAN_POINT('Control Point',(11.8267326653,-30.2579949105,27.3820755483)) ;
#1611=CARTESIAN_POINT('Control Point',(12.6134154652,-32.7339554103,23.5412778053)) ;
#1612=CARTESIAN_POINT('Control Point',(12.0700365165,-30.1348905842,19.0937118136)) ;
#1613=CARTESIAN_POINT('Control Point',(11.2833537051,-27.6589301109,22.9345094437)) ;
#1614=CARTESIAN_POINT('Control Point',(16.4286326292,-24.9735127727,24.191277464)) ;
#1615=CARTESIAN_POINT('Control Point',(15.1473383613,-22.5860930968,27.9656572521)) ;
#1616=CARTESIAN_POINT('Control Point',(17.3967544893,-27.3030385794,28.7082923815)) ;
#1617=CARTESIAN_POINT('Control Point',(18.6780487538,-29.6904582536,24.9339125934)) ;
#1618=CARTESIAN_POINT('Control Point',(17.7099268904,-27.360932447,20.4168976792)) ;
#1619=CARTESIAN_POINT('Control Point',(16.4286326292,-24.9735127727,24.191277464)) ;
#1620=CARTESIAN_POINT('Control Point',(23.2259185152,-18.9577316291,26.1641255576)) ;
#1621=CARTESIAN_POINT('Control Point',(21.1441439593,-16.8857193135,29.7833322891)) ;
#1622=CARTESIAN_POINT('Control Point',(24.6206214485,-20.7227122033,30.8165226149)) ;
#1623=CARTESIAN_POINT('Control Point',(26.7023960063,-22.7947245198,27.1973158835)) ;
#1624=CARTESIAN_POINT('Control Point',(25.3076930749,-21.0297439456,22.5449188243)) ;
#1625=CARTESIAN_POINT('Control Point',(23.2259185152,-18.9577316291,26.1641255576)) ;
#1626=CARTESIAN_POINT('Control Point',(27.3034419073,-11.0091126259,28.1266461765)) ;
#1627=CARTESIAN_POINT('Control Point',(24.5236746372,-9.55931576834,31.5208777354)) ;
#1628=CARTESIAN_POINT('Control Point',(28.7665647274,-12.1900420237,32.9208342066)) ;
#1629=CARTESIAN_POINT('Control Point',(31.5463319964,-13.6398388807,29.5266026476)) ;
#1630=CARTESIAN_POINT('Control Point',(30.0832091751,-12.4589094829,24.7324146186)) ;
#1631=CARTESIAN_POINT('Control Point',(27.3034419073,-11.0091126259,28.1266461765)) ;
#1632=CARTESIAN_POINT('Control Point',(28.384421108,-7.90411907156,28.8450331119)) ;
#1633=CARTESIAN_POINT('Control Point',(25.3723317304,-6.7257181976,32.1482035776)) ;
#1634=CARTESIAN_POINT('Control Point',(29.8262196333,-8.88362159337,33.6894371932)) ;
#1635=CARTESIAN_POINT('Control Point',(32.8383090109,-10.0620224672,30.3862667286)) ;
#1636=CARTESIAN_POINT('Control Point',(31.3965104845,-9.08251994566,25.5418626461)) ;
#1637=CARTESIAN_POINT('Control Point',(28.384421108,-7.90411907156,28.8450331119)) ;
#1638=CARTESIAN_POINT('Control Point',(29.6855442741,-1.33022364576,30.3130689891)) ;
#1639=CARTESIAN_POINT('Control Point',(26.2741145654,-0.790260613864,33.4160511784)) ;
#1640=CARTESIAN_POINT('Control Point',(31.0099681596,-1.9514459569,35.2514130985)) ;
#1641=CARTESIAN_POINT('Control Point',(34.4213978683,-2.49140898894,32.1484309081)) ;
#1642=CARTESIAN_POINT('Control Point',(33.096973984,-1.87018667752,27.2100867999)) ;
#1643=CARTESIAN_POINT('Control Point',(29.6855442741,-1.33022364576,30.3130689891)) ;
#1644=CARTESIAN_POINT('Control Point',(29.1078128485,5.36633341328,31.7846199377)) ;
#1645=CARTESIAN_POINT('Control Point',(25.4949677263,5.13298911293,34.669752681)) ;
#1646=CARTESIAN_POINT('Control Point',(30.220338323,4.97385096988,36.7940132355)) ;
#1647=CARTESIAN_POINT('Control Point',(33.8331834453,5.20719527037,33.9088804934)) ;
#1648=CARTESIAN_POINT('Control Point',(32.7206579696,5.59967771348,28.8994871944)) ;
#1649=CARTESIAN_POINT('Control Point',(29.1078128485,5.36633341328,31.7846199377)) ;
#1650=CARTESIAN_POINT('Control Point',(28.3164210405,8.72264902102,32.5374395915)) ;
#1651=CARTESIAN_POINT('Control Point',(24.6643473131,8.06911250754,35.3097718897)) ;
#1652=CARTESIAN_POINT('Control Point',(29.3112746973,8.40720977745,37.5756746783)) ;
#1653=CARTESIAN_POINT('Control Point',(32.9633484236,9.06074629153,34.8033423801)) ;
#1654=CARTESIAN_POINT('Control Point',(31.968494768,9.3761855339,29.7651072933)) ;
#1655=CARTESIAN_POINT('Control Point',(28.3164210405,8.72264902041,32.5374395915)) ;
#1656=CARTESIAN_POINT('Control Point',(24.750332681,17.7002278206,34.657805698)) ;
#1657=CARTESIAN_POINT('Control Point',(21.1895913683,15.8416071615,37.1200247584)) ;
#1658=CARTESIAN_POINT('Control Point',(25.4367534015,17.5017854039,39.7564231177)) ;
#1659=CARTESIAN_POINT('Control Point',(28.9974947164,19.3604060619,37.2942040573)) ;
#1660=CARTESIAN_POINT('Control Point',(28.3110739937,19.5588484808,32.1955866375)) ;
#1661=CARTESIAN_POINT('Control Point',(24.750332681,17.7002278217,34.657805698)) ;
#1662=CARTESIAN_POINT('Control Point',(17.7853489049,24.7508561979,36.7961224646)) ;
#1663=CARTESIAN_POINT('Control Point',(14.8793561586,21.7526739885,38.9948615055)) ;
#1664=CARTESIAN_POINT('Control Point',(18.2972848976,24.4752511616,41.9066361097)) ;
#1665=CARTESIAN_POINT('Control Point',(21.20327764,27.4734333731,39.7078970688)) ;
#1666=CARTESIAN_POINT('Control Point',(20.6913416513,27.7490384054,34.5973834237)) ;
#1667=CARTESIAN_POINT('Control Point',(17.7853489049,24.750856196,36.7961224646)) ;
#1668=CARTESIAN_POINT('Control Point',(12.1672475927,27.9873759078,38.1799608669)) ;
#1669=CARTESIAN_POINT('Control Point',(9.91562413016,24.3858013624,40.2496674404)) ;
#1670=CARTESIAN_POINT('Control Point',(12.6819142426,27.6458286873,43.2851703536)) ;
#1671=CARTESIAN_POINT('Control Point',(14.9335377329,31.2474031931,41.215463986)) ;
#1672=CARTESIAN_POINT('Control Point',(14.4188710652,31.5889503742,36.1102543566)) ;
#1673=CARTESIAN_POINT('Control Point',(12.1672475927,27.9873759078,38.1799608669)) ;
#1674=CARTESIAN_POINT('Control Point',(5.96311357361,29.5815630664,39.572767757)) ;
#1675=CARTESIAN_POINT('Control Point',(4.5209909543,25.5998981772,41.5678448112)) ;
#1676=CARTESIAN_POINT('Control Point',(6.54432916478,29.2644783559,44.6743355643)) ;
#1677=CARTESIAN_POINT('Control Point',(7.98645178409,33.2461432451,42.6792585103)) ;
#1678=CARTESIAN_POINT('Control Point',(7.40523619292,33.5632279556,37.5776907028)) ;
#1679=CARTESIAN_POINT('Control Point',(5.96311357361,29.5815630664,39.572767757)) ;
#1680=CARTESIAN_POINT('Control Point',(-0.228984821312,29.5374670414,40.9723185251)) ;
#1681=CARTESIAN_POINT('Control Point',(-0.812721005153,25.4267411419,42.9525166583)) ;
#1682=CARTESIAN_POINT('Control Point',(0.395086372017,29.332235926,46.0731434912)) ;
#1683=CARTESIAN_POINT('Control Point',(0.978822555858,33.4429618256,44.0929453581)) ;
#1684=CARTESIAN_POINT('Control Point',(0.354751362528,33.6481929409,38.992120392)) ;
#1685=CARTESIAN_POINT('Control Point',(-0.228984821312,29.5374670414,40.9723185251)) ;
#1687=CARTESIAN_POINT('Control Point',(-0.228984821312,29.5374670414,40.9723185251)) ;
#1688=CARTESIAN_POINT('Control Point',(-0.812721005153,25.4267411419,42.9525166583)) ;
#1689=CARTESIAN_POINT('Control Point',(0.395086372017,29.332235926,46.0731434912)) ;
#1690=CARTESIAN_POINT('Control Point',(0.978822555858,33.4429618256,44.0929453581)) ;
#1691=CARTESIAN_POINT('Control Point',(0.354751362528,33.6481929409,38.992120392)) ;
#1692=CARTESIAN_POINT('Control Point',(-0.228984821312,29.5374670414,40.9723185251)) ;
#1702=CARTESIAN_POINT('Control Point',(-0.228984821312,29.5374670414,40.9723185251)) ;
#1703=CARTESIAN_POINT('Control Point',(-0.812721005153,25.4267411419,42.9525166583)) ;
#1704=CARTESIAN_POINT('Control Point',(0.395086372017,29.332235926,46.0731434912)) ;
#1705=CARTESIAN_POINT('Control Point',(0.978822555858,33.4429618256,44.0929453581)) ;
#1706=CARTESIAN_POINT('Control Point',(0.354751362528,33.6481929409,38.992120392)) ;
#1707=CARTESIAN_POINT('Control Point',(-0.228984821312,29.5374670414,40.9723185251)) ;
#1708=CARTESIAN_POINT('Control Point',(-5.89716827053,29.4971019919,42.2534529644)) ;
#1709=CARTESIAN_POINT('Control Point',(-5.69514630732,25.2682349672,44.2200310853)) ;
#1710=CARTESIAN_POINT('Control Point',(-5.23386751066,29.3942605118,47.3535979411)) ;
#1711=CARTESIAN_POINT('Control Point',(-5.43588947385,33.6231275364,45.3870198202)) ;
#1712=CARTESIAN_POINT('Control Point',(-6.09919023374,33.7259690167,40.2868748433)) ;
#1713=CARTESIAN_POINT('Control Point',(-5.89716827053,29.4971019919,42.2534529644)) ;
#1714=CARTESIAN_POINT('Control Point',(-11.5577796766,28.1102462595,43.5289657673)) ;
#1715=CARTESIAN_POINT('Control Point',(-10.5513592424,23.9284945025,45.4318060832)) ;
#1716=CARTESIAN_POINT('Control Point',(-10.8762173615,28.0553183044,48.625857847)) ;
#1717=CARTESIAN_POINT('Control Point',(-11.882637804,32.2370698888,46.7230175842)) ;
#1718=CARTESIAN_POINT('Control Point',(-12.5642001407,32.2919979704,41.6261255174)) ;
#1719=CARTESIAN_POINT('Control Point',(-11.5577796766,28.1102462595,43.5289657673)) ;
#1720=CARTESIAN_POINT('Control Point',(-16.7878128383,25.3775119773,44.7991542941)) ;
#1721=CARTESIAN_POINT('Control Point',(-14.9939591269,21.4089448879,46.5916757152)) ;
#1722=CARTESIAN_POINT('Control Point',(-16.04870695,25.313052651,49.8896173856)) ;
#1723=CARTESIAN_POINT('Control Point',(-17.8425606614,29.2816197421,48.0970959645)) ;
#1724=CARTESIAN_POINT('Control Point',(-18.5816665497,29.3460790684,43.006632873)) ;
#1725=CARTESIAN_POINT('Control Point',(-16.7878128383,25.3775119773,44.7991542941)) ;
#1726=CARTESIAN_POINT('Control Point',(-23.8246209249,19.1493666731,46.8375431795)) ;
#1727=CARTESIAN_POINT('Control Point',(-20.8663287802,15.8038741682,48.3822357398)) ;
#1728=CARTESIAN_POINT('Control Point',(-22.866536727,19.0907891739,51.8971033043)) ;
#1729=CARTESIAN_POINT('Control Point',(-25.8248288717,22.4362816778,50.3524107439)) ;
#1730=CARTESIAN_POINT('Control Point',(-26.7829130696,22.4948591771,45.2928506191)) ;
#1731=CARTESIAN_POINT('Control Point',(-23.8246209249,19.1493666731,46.8375431795)) ;
#1732=CARTESIAN_POINT('Control Point',(-28.0039572746,10.8815114865,48.8770990366)) ;
#1733=CARTESIAN_POINT('Control Point',(-24.1854503323,8.53609311271,50.0906224753)) ;
#1734=CARTESIAN_POINT('Control Point',(-26.7208089487,10.9920705116,53.8594181944)) ;
#1735=CARTESIAN_POINT('Control Point',(-30.539315891,13.337488886,52.6458947557)) ;
#1736=CARTESIAN_POINT('Control Point',(-31.8224642169,13.2269298608,47.6635755979)) ;
#1737=CARTESIAN_POINT('Control Point',(-28.0039572746,10.8815114865,48.8770990366)) ;
#1738=CARTESIAN_POINT('Control Point',(-29.11805675,7.54987577236,49.6472097883)) ;
#1739=CARTESIAN_POINT('Control Point',(-25.0299329278,5.62914973238,50.7264805684)) ;
#1740=CARTESIAN_POINT('Control Point',(-27.7047146194,7.75831812586,54.5926886566)) ;
#1741=CARTESIAN_POINT('Control Point',(-31.7928384428,9.67904416585,53.5134178765)) ;
#1742=CARTESIAN_POINT('Control Point',(-33.2061805721,9.4706018125,48.5679390107)) ;
#1743=CARTESIAN_POINT('Control Point',(-29.11805675,7.54987577236,49.6472097883)) ;
#1744=CARTESIAN_POINT('Control Point',(-30.3620806222,0.561188433102,51.2094249036)) ;
#1745=CARTESIAN_POINT('Control Point',(-25.8620584524,-0.426123997732,52.0055173274)) ;
#1746=CARTESIAN_POINT('Control Point',(-28.7029577622,1.04953690315,56.0642048596)) ;
#1747=CARTESIAN_POINT('Control Point',(-33.2029799307,2.03684933398,55.2681124358)) ;
#1748=CARTESIAN_POINT('Control Point',(-34.862102792,1.54850086378,50.4133324773)) ;
#1749=CARTESIAN_POINT('Control Point',(-30.3620806222,0.561188433102,51.2094249036)) ;
#1750=CARTESIAN_POINT('Control Point',(-29.5367574525,-6.5133878106,52.7775834339)) ;
#1751=CARTESIAN_POINT('Control Point',(-24.9174270128,-6.47813263763,53.2849685322)) ;
#1752=CARTESIAN_POINT('Control Point',(-27.7322400863,-5.59918389063,57.5151263179)) ;
#1753=CARTESIAN_POINT('Control Point',(-32.3515705274,-5.6344390636,57.0077412197)) ;
#1754=CARTESIAN_POINT('Control Point',(-34.1560878923,-6.54864298341,52.2701983383)) ;
#1755=CARTESIAN_POINT('Control Point',(-29.5367574525,-6.5133878106,52.7775834339)) ;
#1756=CARTESIAN_POINT('Control Point',(-28.5836990205,-10.0111578328,53.5729336442)) ;
#1757=CARTESIAN_POINT('Control Point',(-23.9845750409,-9.45090616866,53.9372843222)) ;
#1758=CARTESIAN_POINT('Control Point',(-26.7480414677,-8.84867725197,58.2458531918)) ;
#1759=CARTESIAN_POINT('Control Point',(-31.3471654473,-9.40892891613,57.8815025112)) ;
#1760=CARTESIAN_POINT('Control Point',(-33.1828230014,-10.571409497,53.2085829636)) ;
#1761=CARTESIAN_POINT('Control Point',(-28.5836990205,-10.0111578328,53.5729336442)) ;
#1762=CARTESIAN_POINT('Control Point',(-24.6502435767,-18.882474258,55.7113369111)) ;
#1763=CARTESIAN_POINT('Control Point',(-20.320546947,-16.9403791342,55.7127124457)) ;
#1764=CARTESIAN_POINT('Control Point',(-22.8838856932,-17.0088393834,60.2052875356)) ;
#1765=CARTESIAN_POINT('Control Point',(-27.213582323,-18.9509345072,60.2039120053)) ;
#1766=CARTESIAN_POINT('Control Point',(-28.9799402043,-20.8245693818,55.7099613809)) ;
#1767=CARTESIAN_POINT('Control Point',(-24.6502435767,-18.882474258,55.7113369111)) ;
#1768=CARTESIAN_POINT('Control Point',(-17.4380721543,-25.7079505622,57.8573171779)) ;
#1769=CARTESIAN_POINT('Control Point',(-13.9125808552,-22.5597777258,57.5761443623)) ;
#1770=CARTESIAN_POINT('Control Point',(-16.1688898604,-23.1415557652,62.1822041843)) ;
#1771=CARTESIAN_POINT('Control Point',(-19.6943811595,-26.2897286016,62.4633769927)) ;
#1772=CARTESIAN_POINT('Control Point',(-20.9635634571,-28.8561233986,58.1384899863)) ;
#1773=CARTESIAN_POINT('Control Point',(-17.4380721543,-25.7079505622,57.8573171779)) ;
#1774=CARTESIAN_POINT('Control Point',(-11.891964677,-28.7410618381,59.2031655531)) ;
#1775=CARTESIAN_POINT('Control Point',(-9.05201004466,-24.9748791016,58.7929074922)) ;
#1776=CARTESIAN_POINT('Control Point',(-11.1179193915,-25.8401537647,63.4425257511)) ;
#1777=CARTESIAN_POINT('Control Point',(-13.9578740148,-29.6063365014,63.852783739)) ;
#1778=CARTESIAN_POINT('Control Point',(-14.7319193094,-32.5072445166,59.6134232791)) ;
#1779=CARTESIAN_POINT('Control Point',(-11.891964677,-28.7410618381,59.2031655531)) ;
#1780=CARTESIAN_POINT('Control Point',(-5.81768569472,-30.2338752269,60.5491729359)) ;
#1781=CARTESIAN_POINT('Control Point',(-3.79490829884,-26.0302840648,60.0643810574)) ;
#1782=CARTESIAN_POINT('Control Point',(-5.64245149086,-27.1965787382,64.7386606866)) ;
#1783=CARTESIAN_POINT('Control Point',(-7.66522888671,-31.4001699004,65.2234525649)) ;
#1784=CARTESIAN_POINT('Control Point',(-7.84046309057,-34.4374663891,61.033964814)) ;
#1785=CARTESIAN_POINT('Control Point',(-5.81768569472,-30.2338752269,60.5491729359)) ;
#1786=CARTESIAN_POINT('Control Point',(0.246729099961,-30.1883413366,61.8926823888)) ;
#1787=CARTESIAN_POINT('Control Point',(1.38313014535,-25.7590708917,61.3925264234)) ;
#1788=CARTESIAN_POINT('Control Point',(-0.171986777187,-27.2203407676,66.071874851)) ;
#1789=CARTESIAN_POINT('Control Point',(-1.30838782258,-31.6496112126,66.5720308164)) ;
#1790=CARTESIAN_POINT('Control Point',(-0.88967194543,-34.6176117816,62.3928383541)) ;
#1791=CARTESIAN_POINT('Control Point',(0.246729099961,-30.1883413366,61.8926823888)) ;
#1793=CARTESIAN_POINT('Control Point',(0.246729099961,-30.1883413366,61.8926823888)) ;
#1794=CARTESIAN_POINT('Control Point',(1.38313014535,-25.7590708917,61.3925264234)) ;
#1795=CARTESIAN_POINT('Control Point',(-0.171986777187,-27.2203407676,66.071874851)) ;
#1796=CARTESIAN_POINT('Control Point',(-1.30838782258,-31.6496112126,66.5720308164)) ;
#1797=CARTESIAN_POINT('Control Point',(-0.88967194543,-34.6176117816,62.3928383541)) ;
#1798=CARTESIAN_POINT('Control Point',(0.246729099961,-30.1883413366,61.8926823888)) ;
#1808=CARTESIAN_POINT('Control Point',(0.246729099961,-30.1883413366,61.8926823888)) ;
#1809=CARTESIAN_POINT('Control Point',(1.38313014535,-25.7590708917,61.3925264234)) ;
#1810=CARTESIAN_POINT('Control Point',(-0.171986777187,-27.2203407676,66.071874851)) ;
#1811=CARTESIAN_POINT('Control Point',(-1.30838782258,-31.6496112126,66.5720308164)) ;
#1812=CARTESIAN_POINT('Control Point',(-0.88967194543,-34.6176117816,62.3928383541)) ;
#1813=CARTESIAN_POINT('Control Point',(0.246729099961,-30.1883413366,61.8926823888)) ;
#1814=CARTESIAN_POINT('Control Point',(6.5640865375,-30.1409082582,63.2922287138)) ;
#1815=CARTESIAN_POINT('Control Point',(6.77714107141,-25.4765456024,62.7760678356)) ;
#1816=CARTESIAN_POINT('Control Point',(5.5266473339,-27.2450938967,67.460696477)) ;
#1817=CARTESIAN_POINT('Control Point',(5.31359280001,-31.9094565525,67.9768573565)) ;
#1818=CARTESIAN_POINT('Control Point',(6.35103200359,-34.8052709142,63.8083895923)) ;
#1819=CARTESIAN_POINT('Control Point',(6.5640865375,-30.1409082582,63.2922287138)) ;
#1820=CARTESIAN_POINT('Control Point',(12.8695233321,-28.4578168721,64.6945241058)) ;
#1821=CARTESIAN_POINT('Control Point',(12.1127474917,-23.8099596369,64.098173609)) ;
#1822=CARTESIAN_POINT('Control Point',(11.2378057154,-25.7335403994,68.809179968)) ;
#1823=CARTESIAN_POINT('Control Point',(11.9945815657,-30.3813973823,69.4055301206)) ;
#1824=CARTESIAN_POINT('Control Point',(13.6262991489,-33.1056740288,65.2908741619)) ;
#1825=CARTESIAN_POINT('Control Point',(12.8695233321,-28.4578168327,64.6945241058)) ;
#1826=CARTESIAN_POINT('Control Point',(18.603745768,-25.1428738775,66.0989635856)) ;
#1827=CARTESIAN_POINT('Control Point',(16.9230359503,-20.7695286458,65.3637142293)) ;
#1828=CARTESIAN_POINT('Control Point',(16.3884907714,-22.6786104145,70.1195428017)) ;
#1829=CARTESIAN_POINT('Control Point',(18.0692005851,-27.0519556442,70.854792158)) ;
#1830=CARTESIAN_POINT('Control Point',(20.2844555778,-29.5162191072,66.8342129577)) ;
#1831=CARTESIAN_POINT('Control Point',(18.603745768,-25.1428738775,66.0989635856)) ;
#1832=CARTESIAN_POINT('Control Point',(25.8525319303,-17.8197615149,68.3185324826)) ;
#1833=CARTESIAN_POINT('Control Point',(22.9410218556,-14.2241052101,67.2898247676)) ;
#1834=CARTESIAN_POINT('Control Point',(22.7568972765,-15.9947746757,72.1189867989)) ;
#1835=CARTESIAN_POINT('Control Point',(25.6684073535,-19.5904309816,73.147694514)) ;
#1836=CARTESIAN_POINT('Control Point',(28.7640420096,-21.4154178209,69.3472401887)) ;
#1837=CARTESIAN_POINT('Control Point',(25.8525319303,-17.8197615149,68.3185324826)) ;
#1838=CARTESIAN_POINT('Control Point',(29.5752716213,-8.4185501672,70.5529094254)) ;
#1839=CARTESIAN_POINT('Control Point',(25.8987606484,-5.94740968498,69.1666930246)) ;
#1840=CARTESIAN_POINT('Control Point',(25.8496216935,-7.58567670963,74.0419813979)) ;
#1841=CARTESIAN_POINT('Control Point',(29.5261326652,-10.0568171912,75.4281977987)) ;
#1842=CARTESIAN_POINT('Control Point',(33.2517825917,-10.8896906488,71.9391258313)) ;
#1843=CARTESIAN_POINT('Control Point',(29.5752716213,-8.4185501672,70.5529094254)) ;
#1844=CARTESIAN_POINT('Control Point',(30.4080663537,-4.81935586739,71.3668438735)) ;
#1845=CARTESIAN_POINT('Control Point',(26.5234694215,-2.78826771807,69.8461851894)) ;
#1846=CARTESIAN_POINT('Control Point',(26.499688143,-4.39292632737,74.7323386734)) ;
#1847=CARTESIAN_POINT('Control Point',(30.3842850752,-6.42401447685,76.2529973574)) ;
#1848=CARTESIAN_POINT('Control Point',(34.2926632859,-6.85044401606,72.8875025575)) ;
#1849=CARTESIAN_POINT('Control Point',(30.4080663537,-4.81935586739,71.3668438735)) ;
#1850=CARTESIAN_POINT('Control Point',(30.9738449761,2.58646914025,73.0111574306)) ;
#1851=CARTESIAN_POINT('Control Point',(26.8152490836,3.70164365408,71.2199765851)) ;
#1852=CARTESIAN_POINT('Control Point',(26.8247921778,2.11774906922,76.1131542742)) ;
#1853=CARTESIAN_POINT('Control Point',(30.9833880702,1.00257455556,77.9043351197)) ;
#1854=CARTESIAN_POINT('Control Point',(35.1324408685,1.47129462577,74.8023382761)) ;
#1855=CARTESIAN_POINT('Control Point',(30.9738449761,2.58646914025,73.0111574306)) ;
#1856=CARTESIAN_POINT('Control Point',(29.3244356899,9.85055464721,74.6603525722)) ;
#1857=CARTESIAN_POINT('Control Point',(25.1675976172,10.046324236,72.6157246406)) ;
#1858=CARTESIAN_POINT('Control Point',(25.2316515964,8.39979587902,77.4878626802)) ;
#1859=CARTESIAN_POINT('Control Point',(29.3884896692,8.2040262901,79.5324906118)) ;
#1860=CARTESIAN_POINT('Control Point',(33.4812737627,9.65478505912,76.7049805038)) ;
#1861=CARTESIAN_POINT('Control Point',(29.3244356899,9.85055464721,74.6603525722)) ;
#1862=CARTESIAN_POINT('Control Point',(27.9382502962,13.359608343,75.4915642406)) ;
#1863=CARTESIAN_POINT('Control Point',(23.8480140567,13.1056025353,73.3277691866)) ;
#1864=CARTESIAN_POINT('Control Point',(23.9595156736,11.4087677693,78.1826057016)) ;
#1865=CARTESIAN_POINT('Control Point',(28.0497519158,11.662773577,80.3464007555)) ;
#1866=CARTESIAN_POINT('Control Point',(32.0284865397,13.6136141493,77.6553592892)) ;
#1867=CARTESIAN_POINT('Control Point',(27.9382502962,13.359608343,75.4915642406)) ;
#1868=CARTESIAN_POINT('Control Point',(23.2496679349,21.3538680355,77.5385184983)) ;
#1869=CARTESIAN_POINT('Control Point',(19.463450029,20.047399524,75.109593921)) ;
#1870=CARTESIAN_POINT('Control Point',(19.7699824669,18.2148372422,79.9109469542)) ;
#1871=CARTESIAN_POINT('Control Point',(23.556200369,19.5213057538,82.3398715316)) ;
#1872=CARTESIAN_POINT('Control Point',(27.0358858351,22.6603365491,79.9674430834)) ;
#1873=CARTESIAN_POINT('Control Point',(23.2496679349,21.3538680355,77.5385184983)) ;
#1874=CARTESIAN_POINT('Control Point',(15.8693613796,27.1932009871,79.5781511549)) ;
#1875=CARTESIAN_POINT('Control Point',(12.6879768449,24.9998542319,76.9634740195)) ;
#1876=CARTESIAN_POINT('Control Point',(13.3793001005,23.0976521623,81.7009415252)) ;
#1877=CARTESIAN_POINT('Control Point',(16.5606846409,25.2909989175,84.3156186606)) ;
#1878=CARTESIAN_POINT('Control Point',(19.0507459229,29.3865477395,82.1928282789)) ;
#1879=CARTESIAN_POINT('Control Point',(15.8693613796,27.1932009871,79.5781511549)) ;
#1880=CARTESIAN_POINT('Control Point',(10.7625851171,29.6132675095,80.7836460279)) ;
#1881=CARTESIAN_POINT('Control Point',(8.02247833361,26.9666734339,78.0915870059)) ;
#1882=CARTESIAN_POINT('Control Point',(9.0100166179,25.0958984735,82.7959194669)) ;
#1883=CARTESIAN_POINT('Control Point',(11.7501234205,27.7424926516,85.4879778739)) ;
#1884=CARTESIAN_POINT('Control Point',(13.5026919142,32.259861608,83.4757046398)) ;
#1885=CARTESIAN_POINT('Control Point',(10.7625851171,29.6132675095,80.7836460279)) ;
#1886=CARTESIAN_POINT('Control Point',(5.28705437274,30.8080193905,81.9825501925)) ;
#1887=CARTESIAN_POINT('Control Point',(3.06441142817,27.7828140516,79.2457150859)) ;
#1888=CARTESIAN_POINT('Control Point',(4.3614334123,26.0633391587,83.9303740006)) ;
#1889=CARTESIAN_POINT('Control Point',(6.58407635681,29.0885444977,86.6672091069)) ;
#1890=CARTESIAN_POINT('Control Point',(7.50969731731,33.8332247294,84.7193852988)) ;
#1891=CARTESIAN_POINT('Control Point',(5.28705437274,30.8080193905,81.9825501925)) ;
#1892=CARTESIAN_POINT('Control Point',(-0.184196568479,30.7779361082,83.1733277338)) ;
#1893=CARTESIAN_POINT('Control Point',(-1.82122932599,27.4712470433,80.4263418985)) ;
#1894=CARTESIAN_POINT('Control Point',(-0.265926673318,26.012847143,85.106523881)) ;
#1895=CARTESIAN_POINT('Control Point',(1.37110608419,29.3195362079,87.8535097163)) ;
#1896=CARTESIAN_POINT('Control Point',(1.45283618903,34.0846251731,85.920313569)) ;
#1897=CARTESIAN_POINT('Control Point',(-0.184196568479,30.7779361082,83.1733277338)) ;
#1899=CARTESIAN_POINT('Control Point',(-0.184196568479,30.7779361082,83.1733277338)) ;
#1900=CARTESIAN_POINT('Control Point',(-1.82122932599,27.4712470433,80.4263418985)) ;
#1901=CARTESIAN_POINT('Control Point',(-0.265926673318,26.012847143,85.106523881)) ;
#1902=CARTESIAN_POINT('Control Point',(1.37110608419,29.3195362079,87.8535097163)) ;
#1903=CARTESIAN_POINT('Control Point',(1.45283618903,34.0846251731,85.920313569)) ;
#1904=CARTESIAN_POINT('Control Point',(-0.184196568479,30.7779361082,83.1733277338)) ;
#1914=CARTESIAN_POINT('Control Point',(-0.184196568479,30.7779361082,83.1733277338)) ;
#1915=CARTESIAN_POINT('Control Point',(-1.82122932599,27.4712470433,80.4263418985)) ;
#1916=CARTESIAN_POINT('Control Point',(-0.265926673318,26.012847143,85.106523881)) ;
#1917=CARTESIAN_POINT('Control Point',(1.37110608419,29.3195362079,87.8535097163)) ;
#1918=CARTESIAN_POINT('Control Point',(1.45283618903,34.0846251731,85.920313569)) ;
#1919=CARTESIAN_POINT('Control Point',(-0.184196568479,30.7779361082,83.1733277338)) ;
#1920=CARTESIAN_POINT('Control Point',(-6.35655257828,30.743997849,84.516695639)) ;
#1921=CARTESIAN_POINT('Control Point',(-7.33293302047,27.1197547589,81.7582583253)) ;
#1922=CARTESIAN_POINT('Control Point',(-5.48625273141,25.9558849068,86.4333896871)) ;
#1923=CARTESIAN_POINT('Control Point',(-4.50987228922,29.5801279969,89.191827)) ;
#1924=CARTESIAN_POINT('Control Point',(-5.38017213611,34.3682409388,87.2751329534)) ;
#1925=CARTESIAN_POINT('Control Point',(-6.35655257828,30.743997849,84.516695639)) ;
#1926=CARTESIAN_POINT('Control Point',(-12.5188414908,29.1743063391,85.870433235)) ;
#1927=CARTESIAN_POINT('Control Point',(-12.7674573314,25.4389771675,83.0565691869)) ;
#1928=CARTESIAN_POINT('Control Point',(-10.703218309,24.5755077563,87.7071590391)) ;
#1929=CARTESIAN_POINT('Control Point',(-10.4546024793,28.3108368338,90.521022825)) ;
#1930=CARTESIAN_POINT('Control Point',(-12.2702256557,32.9096356695,88.6842968791)) ;
#1931=CARTESIAN_POINT('Control Point',(-12.5188414908,29.1743063391,85.870433235)) ;
#1932=CARTESIAN_POINT('Control Point',(-18.165520284,26.0731481501,87.2334604101)) ;
#1933=CARTESIAN_POINT('Control Point',(-17.7153188696,22.4469870345,84.3242224222)) ;
#1934=CARTESIAN_POINT('Control Point',(-15.4611571848,21.866598373,88.931505648)) ;
#1935=CARTESIAN_POINT('Control Point',(-15.9113586028,25.4927594904,91.8407436359)) ;
#1936=CARTESIAN_POINT('Control Point',(-18.615721702,29.6993092766,90.1426983981)) ;
#1937=CARTESIAN_POINT('Control Point',(-18.165520284,26.0731481501,87.2334604101)) ;
#1938=CARTESIAN_POINT('Control Point',(-25.5342389044,19.1048766647,89.4205657954)) ;
#1939=CARTESIAN_POINT('Control Point',(-24.1595436206,15.9111379257,86.3164217372)) ;
#1940=CARTESIAN_POINT('Control Point',(-21.5995276272,15.8421990437,90.8107149812)) ;
#1941=CARTESIAN_POINT('Control Point',(-22.974222909,19.0359377817,93.9148590395)) ;
#1942=CARTESIAN_POINT('Control Point',(-26.9089341862,22.2986153973,92.5247098537)) ;
#1943=CARTESIAN_POINT('Control Point',(-25.5342389044,19.1048766647,89.4205657954)) ;
#1944=CARTESIAN_POINT('Control Point',(-29.6087165251,10.0149805583,91.6284796642)) ;
#1945=CARTESIAN_POINT('Control Point',(-27.6522749946,7.47781508152,88.3033280984)) ;
#1946=CARTESIAN_POINT('Control Point',(-24.892528898,8.07688219388,92.6144482189)) ;
#1947=CARTESIAN_POINT('Control Point',(-26.8489704298,10.6140476713,95.9395997846)) ;
#1948=CARTESIAN_POINT('Control Point',(-31.565158057,12.5521460389,94.9536312299)) ;
#1949=CARTESIAN_POINT('Control Point',(-29.6087165251,10.0149805583,91.6284796642)) ;
#1950=CARTESIAN_POINT('Control Point',(-30.6092827485,6.44087514628,92.4496553297)) ;
#1951=CARTESIAN_POINT('Control Point',(-28.4880846952,4.16326064736,89.042304413)) ;
#1952=CARTESIAN_POINT('Control Point',(-25.6768984498,5.0362772837,93.2758416557)) ;
#1953=CARTESIAN_POINT('Control Point',(-27.798096503,7.31389178277,96.6831925724)) ;
#1954=CARTESIAN_POINT('Control Point',(-32.730480803,8.71848964519,95.8570062463)) ;
#1955=CARTESIAN_POINT('Control Point',(-30.6092827485,6.44087514628,92.4496553297)) ;
#1956=CARTESIAN_POINT('Control Point',(-31.5165370668,-0.866403744038,94.0872715664)) ;
#1957=CARTESIAN_POINT('Control Point',(-29.1594666961,-2.62455828744,90.5228215863)) ;
#1958=CARTESIAN_POINT('Control Point',(-26.3204943795,-1.15637536853,94.5853849458)) ;
#1959=CARTESIAN_POINT('Control Point',(-28.6775647502,0.601779174718,98.1498349259)) ;
#1960=CARTESIAN_POINT('Control Point',(-33.8736074363,0.891750799365,97.6517215465)) ;
#1961=CARTESIAN_POINT('Control Point',(-31.5165370668,-0.866403744038,94.0872715664)) ;
#1962=CARTESIAN_POINT('Control Point',(-30.275543855,-8.13333964504,95.727515567)) ;
#1963=CARTESIAN_POINT('Control Point',(-27.8313934146,-9.39486383816,92.0274818076)) ;
#1964=CARTESIAN_POINT('Control Point',(-25.1558502571,-7.27379963622,95.8978025762)) ;
#1965=CARTESIAN_POINT('Control Point',(-27.6000006975,-6.01227544296,99.5978363356)) ;
#1966=CARTESIAN_POINT('Control Point',(-32.7196942967,-6.87181545193,99.4275493264)) ;
#1967=CARTESIAN_POINT('Control Point',(-30.275543855,-8.13333964504,95.727515567)) ;
#1968=CARTESIAN_POINT('Control Point',(-29.1287918655,-11.6330704319,96.5427742939)) ;
#1969=CARTESIAN_POINT('Control Point',(-26.6699042831,-12.6605611239,92.7827844694)) ;
#1970=CARTESIAN_POINT('Control Point',(-24.1334620493,-10.2103807494,96.5550470752)) ;
#1971=CARTESIAN_POINT('Control Point',(-26.5923496305,-9.18289005744,100.315036905)) ;
#1972=CARTESIAN_POINT('Control Point',(-31.5876794454,-10.6055797399,100.302764123)) ;
#1973=CARTESIAN_POINT('Control Point',(-29.1287918655,-11.6330704319,96.5427742939)) ;
#1974=CARTESIAN_POINT('Control Point',(-24.7859847778,-20.2946864447,98.690832023)) ;
#1975=CARTESIAN_POINT('Control Point',(-22.3365306459,-20.7379029468,94.794319436)) ;
#1976=CARTESIAN_POINT('Control Point',(-20.3350830305,-17.4543895295,98.3120064486)) ;
#1977=CARTESIAN_POINT('Control Point',(-22.7845371644,-17.0111730273,102.208519028)) ;
#1978=CARTESIAN_POINT('Control Point',(-27.2354389138,-19.8514699425,102.587344602)) ;
#1979=CARTESIAN_POINT('Control Point',(-24.7859847778,-20.2946864447,98.690832023)) ;
#1980=CARTESIAN_POINT('Control Point',(-17.3897385376,-26.8378252664,100.822699459)) ;
#1981=CARTESIAN_POINT('Control Point',(-15.0466010549,-26.756140815,96.8448745839)) ;
#1982=CARTESIAN_POINT('Control Point',(-13.9925827354,-22.854061475,100.145141783)) ;
#1983=CARTESIAN_POINT('Control Point',(-16.3357202148,-22.9357459264,104.122966672)) ;
#1984=CARTESIAN_POINT('Control Point',(-19.7328760136,-26.9195097179,104.800524348)) ;
#1985=CARTESIAN_POINT('Control Point',(-17.3897385376,-26.8378252664,100.822699459)) ;
#1986=CARTESIAN_POINT('Control Point',(-11.8848228441,-29.6990558284,102.134912248)) ;
#1987=CARTESIAN_POINT('Control Point',(-9.62266966244,-29.2959622779,98.1265911923)) ;
#1988=CARTESIAN_POINT('Control Point',(-9.29797481136,-25.1708385008,101.322917187)) ;
#1989=CARTESIAN_POINT('Control Point',(-11.5601279888,-25.5739320511,105.331237899)) ;
#1990=CARTESIAN_POINT('Control Point',(-14.1469760219,-30.1021494716,106.143233066)) ;
#1991=CARTESIAN_POINT('Control Point',(-11.8848228441,-29.6990558284,102.134912248)) ;
#1992=CARTESIAN_POINT('Control Point',(-5.91186882024,-31.1253078065,103.435724167)) ;
#1993=CARTESIAN_POINT('Control Point',(-3.77714749279,-30.3714938908,99.410144972)) ;
#1994=CARTESIAN_POINT('Control Point',(-4.23879481174,-26.247169622,102.545943506)) ;
#1995=CARTESIAN_POINT('Control Point',(-6.37351613918,-27.0009835376,106.571522701)) ;
#1996=CARTESIAN_POINT('Control Point',(-8.04659014768,-31.8791217223,107.461303362)) ;
#1997=CARTESIAN_POINT('Control Point',(-5.91186882024,-31.1253078065,103.435724167)) ;
#1998=CARTESIAN_POINT('Control Point',(0.0617330724024,-31.1144183395,104.722942619)) ;
#1999=CARTESIAN_POINT('Control Point',(1.98447676847,-30.0061888152,100.69368909)) ;
#2000=CARTESIAN_POINT('Control Point',(0.776172630824,-26.1026302194,103.816545379)) ;
#2001=CARTESIAN_POINT('Control Point',(-1.14657106524,-27.2108597437,107.845798908)) ;
#2002=CARTESIAN_POINT('Control Point',(-1.86101062366,-32.2226478637,108.752196148)) ;
#2003=CARTESIAN_POINT('Control Point',(0.0617330724024,-31.1144183395,104.722942619)) ;
#2005=CARTESIAN_POINT('Control Point',(0.0617330724024,-31.1144183395,104.722942619)) ;
#2006=CARTESIAN_POINT('Control Point',(1.98447676847,-30.0061888152,100.69368909)) ;
#2007=CARTESIAN_POINT('Control Point',(0.776172630824,-26.1026302194,103.816545379)) ;
#2008=CARTESIAN_POINT('Control Point',(-1.14657106524,-27.2108597437,107.845798908)) ;
#2009=CARTESIAN_POINT('Control Point',(-1.86101062366,-32.2226478637,108.752196148)) ;
#2010=CARTESIAN_POINT('Control Point',(0.0617330724024,-31.1144183395,104.722942619)) ;
#2020=CARTESIAN_POINT('Control Point',(0.0617330724024,-31.1144183395,104.722942619)) ;
#2021=CARTESIAN_POINT('Control Point',(1.98447676847,-30.0061888152,100.69368909)) ;
#2022=CARTESIAN_POINT('Control Point',(0.776172630824,-26.1026302194,103.816545379)) ;
#2023=CARTESIAN_POINT('Control Point',(-1.14657106524,-27.2108597437,107.845798908)) ;
#2024=CARTESIAN_POINT('Control Point',(-1.86101062366,-32.2226478637,108.752196148)) ;
#2025=CARTESIAN_POINT('Control Point',(0.0617330724024,-31.1144183395,104.722942619)) ;
#2026=CARTESIAN_POINT('Control Point',(5.48981313491,-31.1045233205,105.892609587)) ;
#2027=CARTESIAN_POINT('Control Point',(7.21993743081,-29.6742441638,101.860017273)) ;
#2028=CARTESIAN_POINT('Control Point',(5.33316274596,-25.9712904591,104.971113228)) ;
#2029=CARTESIAN_POINT('Control Point',(3.60303845007,-27.401569616,109.003705544)) ;
#2030=CARTESIAN_POINT('Control Point',(3.759688839,-32.5348024771,109.925201903)) ;
#2031=CARTESIAN_POINT('Control Point',(5.48981313491,-31.1045233205,105.892609587)) ;
#2032=CARTESIAN_POINT('Control Point',(10.9134236576,-29.9138470227,107.073507546)) ;
#2033=CARTESIAN_POINT('Control Point',(12.3860953685,-28.2482914659,103.026461374)) ;
#2034=CARTESIAN_POINT('Control Point',(9.87114489685,-24.8592154912,106.086429058)) ;
#2035=CARTESIAN_POINT('Control Point',(8.39847318614,-26.5247711196,110.133475539)) ;
#2036=CARTESIAN_POINT('Control Point',(9.44075195279,-31.5794026285,111.120553741)) ;
#2037=CARTESIAN_POINT('Control Point',(10.9134236576,-29.9138470227,107.073507546)) ;
#2038=CARTESIAN_POINT('Control Point',(15.989206335,-27.5456632335,108.264332781)) ;
#2039=CARTESIAN_POINT('Control Point',(17.1914496595,-25.7462929904,104.193049155)) ;
#2040=CARTESIAN_POINT('Control Point',(14.1099261544,-22.7670225257,107.164859909)) ;
#2041=CARTESIAN_POINT('Control Point',(12.9076828272,-24.5663927689,111.236143535)) ;
#2042=CARTESIAN_POINT('Control Point',(14.7869630104,-29.3450334739,112.335616396)) ;
#2043=CARTESIAN_POINT('Control Point',(15.989206335,-27.5456632335,108.264332781)) ;
#2044=CARTESIAN_POINT('Control Point',(23.7339125201,-21.5607956962,110.381833371)) ;
#2045=CARTESIAN_POINT('Control Point',(24.5196042775,-19.6493061165,106.262739272)) ;
#2046=CARTESIAN_POINT('Control Point',(20.569205425,-17.5678185552,109.013589341)) ;
#2047=CARTESIAN_POINT('Control Point',(19.7835136697,-19.4793081348,113.13268344)) ;
#2048=CARTESIAN_POINT('Control Point',(22.9482207628,-23.4722852779,114.500927478)) ;
#2049=CARTESIAN_POINT('Control Point',(23.7339125201,-21.5607956962,110.381833371)) ;
#2050=CARTESIAN_POINT('Control Point',(28.6637405022,-13.2152540782,112.522300178)) ;
#2051=CARTESIAN_POINT('Control Point',(29.15217246,-11.2971278021,108.367415044)) ;
#2052=CARTESIAN_POINT('Control Point',(24.6591824606,-10.3793607046,110.799429753)) ;
#2053=CARTESIAN_POINT('Control Point',(24.1707505013,-12.2974869807,114.954314888)) ;
#2054=CARTESIAN_POINT('Control Point',(28.1753085445,-15.1333803527,116.677185306)) ;
#2055=CARTESIAN_POINT('Control Point',(28.6637405022,-13.2152540782,112.522300178)) ;
#2056=CARTESIAN_POINT('Control Point',(30.1705340853,-9.2829108358,113.450793978)) ;
#2057=CARTESIAN_POINT('Control Point',(30.5554127007,-7.36580453357,109.285633124)) ;
#2058=CARTESIAN_POINT('Control Point',(25.9018000371,-6.99489126591,111.563963088)) ;
#2059=CARTESIAN_POINT('Control Point',(25.5169214216,-8.91199756795,115.729123935)) ;
#2060=CARTESIAN_POINT('Control Point',(29.7856554698,-11.2000171378,117.615954832)) ;
#2061=CARTESIAN_POINT('Control Point',(30.1705340853,-9.28291083571,113.450793984)) ;
#2062=CARTESIAN_POINT('Control Point',(31.8476746321,-0.923914197456,115.343944619)) ;
#2063=CARTESIAN_POINT('Control Point',(32.0480482327,1.01264992429,111.173464286)) ;
#2064=CARTESIAN_POINT('Control Point',(27.2523336556,0.210017608074,113.116612126)) ;
#2065=CARTESIAN_POINT('Control Point',(27.0519600549,-1.72654651387,117.287092466)) ;
#2066=CARTESIAN_POINT('Control Point',(31.6473010314,-2.8604783194,119.514424952)) ;
#2067=CARTESIAN_POINT('Control Point',(31.8476746321,-0.923914197559,115.343944612)) ;
#2068=CARTESIAN_POINT('Control Point',(30.68019988,7.5284356624,117.237779362)) ;
#2069=CARTESIAN_POINT('Control Point',(30.6892473907,9.52847116637,113.093367833)) ;
#2070=CARTESIAN_POINT('Control Point',(26.1573877987,7.52189502366,114.68290284)) ;
#2071=CARTESIAN_POINT('Control Point',(26.148340288,5.5218595199,118.827314363)) ;
#2072=CARTESIAN_POINT('Control Point',(30.6711523694,5.52840015864,121.382190892)) ;
#2073=CARTESIAN_POINT('Control Point',(30.68019988,7.52843566251,117.237779369)) ;
#2074=CARTESIAN_POINT('Control Point',(29.3453938185,11.6797338094,118.19876616)) ;
#2075=CARTESIAN_POINT('Control Point',(29.2393309597,13.7242476073,114.075752752)) ;
#2076=CARTESIAN_POINT('Control Point',(24.9550286956,11.1223880215,115.488003284)) ;
#2077=CARTESIAN_POINT('Control Point',(25.0610915544,9.07787422275,119.611016706)) ;
#2078=CARTESIAN_POINT('Control Point',(29.4514566773,9.63522001325,122.321779575)) ;
#2079=CARTESIAN_POINT('Control Point',(29.3453938185,11.6797338094,118.19876616)) ;
#2080=CARTESIAN_POINT('Control Point',(24.6330498347,20.6322805255,120.433209984)) ;
#2081=CARTESIAN_POINT('Control Point',(24.1823405608,22.7715823703,116.37226572)) ;
#2082=CARTESIAN_POINT('Control Point',(20.7289702607,18.8930045162,117.396092115)) ;
#2083=CARTESIAN_POINT('Control Point',(21.1796795346,16.7537026725,121.45703636)) ;
#2084=CARTESIAN_POINT('Control Point',(25.0837591087,18.4929786785,124.494154239)) ;
#2085=CARTESIAN_POINT('Control Point',(24.6330498347,20.6322805255,120.433209984)) ;
#2086=CARTESIAN_POINT('Control Point',(16.7525373916,27.1515587855,122.643570096)) ;
#2087=CARTESIAN_POINT('Control Point',(15.79250312,29.263047597,118.653642744)) ;
#2088=CARTESIAN_POINT('Control Point',(13.6700952517,24.4985469296,119.380905876)) ;
#2089=CARTESIAN_POINT('Control Point',(14.6301295233,22.3870581165,123.370833252)) ;
#2090=CARTESIAN_POINT('Control Point',(17.7125716632,25.040069977,126.633497459)) ;
#2091=CARTESIAN_POINT('Control Point',(16.7525373916,27.1515587855,122.643570096)) ;
#2092=CARTESIAN_POINT('Control Point',(11.462509936,29.7618907292,123.894954205)) ;
#2093=CARTESIAN_POINT('Control Point',(10.1611988833,31.7726792753,119.939966995)) ;
#2094=CARTESIAN_POINT('Control Point',(8.92210540848,26.6871503299,120.542544137)) ;
#2095=CARTESIAN_POINT('Control Point',(10.223416471,24.6763618985,124.497531248)) ;
#2096=CARTESIAN_POINT('Control Point',(12.7638209967,27.7511022919,127.849940568)) ;
#2097=CARTESIAN_POINT('Control Point',(11.462509936,29.7618907292,123.894954205)) ;
#2098=CARTESIAN_POINT('Control Point',(5.77442876185,31.0747099288,125.134872944)) ;
#2099=CARTESIAN_POINT('Control Point',(4.13857406711,32.8598740316,121.200529335)) ;
#2100=CARTESIAN_POINT('Control Point',(3.8389317491,27.6684522665,121.730661099)) ;
#2101=CARTESIAN_POINT('Control Point',(5.47478644384,25.8832881637,125.665004707)) ;
#2102=CARTESIAN_POINT('Control Point',(7.41028345658,29.289545826,129.069216553)) ;
#2103=CARTESIAN_POINT('Control Point',(5.77442876185,31.0747099288,125.134872944)) ;
#2104=CARTESIAN_POINT('Control Point',(0.0808161538653,31.0883087668,126.36270205)) ;
#2105=CARTESIAN_POINT('Control Point',(-1.81975760329,32.5391169684,122.432946975)) ;
#2106=CARTESIAN_POINT('Control Point',(-1.19273534017,27.4604778003,122.947016311)) ;
#2107=CARTESIAN_POINT('Control Point',(0.707838416981,26.0096695988,126.876771387)) ;
#2108=CARTESIAN_POINT('Control Point',(1.98138991102,29.6375005652,130.292457126)) ;
#2109=CARTESIAN_POINT('Control Point',(0.0808161538653,31.0883087668,126.36270205)) ;
#2111=CARTESIAN_POINT('Control Point',(0.0808161538653,31.0883087668,126.36270205)) ;
#2112=CARTESIAN_POINT('Control Point',(-1.81975760329,32.5391169684,122.432946975)) ;
#2113=CARTESIAN_POINT('Control Point',(-1.19273534017,27.4604778003,122.947016311)) ;
#2114=CARTESIAN_POINT('Control Point',(0.707838416981,26.0096695988,126.876771387)) ;
#2115=CARTESIAN_POINT('Control Point',(1.98138991102,29.6375005652,130.292457126)) ;
#2116=CARTESIAN_POINT('Control Point',(0.0808161538653,31.0883087668,126.36270205)) ;
#2126=CARTESIAN_POINT('Control Point',(0.0808161538652,31.0883087668,126.36270205)) ;
#2127=CARTESIAN_POINT('Control Point',(-1.81975760329,32.5391169684,122.432946975)) ;
#2128=CARTESIAN_POINT('Control Point',(-1.19273534017,27.4604778003,122.947016311)) ;
#2129=CARTESIAN_POINT('Control Point',(0.707838416981,26.0096695988,126.876771387)) ;
#2130=CARTESIAN_POINT('Control Point',(1.98138991102,29.6375005652,130.292457126)) ;
#2131=CARTESIAN_POINT('Control Point',(0.0808161538652,31.0883087668,126.36270205)) ;
#2132=CARTESIAN_POINT('Control Point',(-5.88831705962,31.1025656684,127.649947249)) ;
#2133=CARTESIAN_POINT('Control Point',(-8.06641993508,32.2028380932,123.725002751)) ;
#2134=CARTESIAN_POINT('Control Point',(-6.46789070446,27.2424392072,124.222232381)) ;
#2135=CARTESIAN_POINT('Control Point',(-4.289787829,26.1421667824,128.14717688)) ;
#2136=CARTESIAN_POINT('Control Point',(-3.71021418417,30.0022932437,131.574891749)) ;
#2137=CARTESIAN_POINT('Control Point',(-5.88831705962,31.1025656684,127.649947249)) ;
#2138=CARTESIAN_POINT('Control Point',(-11.8576059462,29.6795255444,128.95046965)) ;
#2139=CARTESIAN_POINT('Control Point',(-14.2286016723,30.4160087584,125.048101388)) ;
#2140=CARTESIAN_POINT('Control Point',(-11.7002403163,25.7982438537,125.466501136)) ;
#2141=CARTESIAN_POINT('Control Point',(-9.32924459348,25.0617606,129.368869266)) ;
#2142=CARTESIAN_POINT('Control Point',(-9.48661022962,28.9430423573,132.852838019)) ;
#2143=CARTESIAN_POINT('Control Point',(-11.8576059462,29.6795255444,128.95046965)) ;
#2144=CARTESIAN_POINT('Control Point',(-17.3580115476,26.8213173968,130.26191813)) ;
#2145=CARTESIAN_POINT('Control Point',(-19.869199278,27.2070816691,126.399207863)) ;
#2146=CARTESIAN_POINT('Control Point',(-16.5173642108,23.1351525657,126.681442908)) ;
#2147=CARTESIAN_POINT('Control Point',(-14.0061764804,22.7493882934,130.544153175)) ;
#2148=CARTESIAN_POINT('Control Point',(-14.8468238172,26.4355531211,134.124628397)) ;
#2149=CARTESIAN_POINT('Control Point',(-17.3580115476,26.8213173968,130.26191813)) ;
#2150=CARTESIAN_POINT('Control Point',(-24.7270055358,20.3024080509,132.386168397)) ;
#2151=CARTESIAN_POINT('Control Point',(-27.4207054796,20.0973938671,128.624278901)) ;
#2152=CARTESIAN_POINT('Control Point',(-23.0082795645,17.1729587348,128.606146633)) ;
#2153=CARTESIAN_POINT('Control Point',(-20.3145796208,17.3779729186,132.368036128)) ;
#2154=CARTESIAN_POINT('Control Point',(-22.0333055921,20.5074222367,136.148057892)) ;
#2155=CARTESIAN_POINT('Control Point',(-24.7270055358,20.3024080509,132.386168397)) ;
#2156=CARTESIAN_POINT('Control Point',(-29.0600127743,11.6797911222,134.525351643)) ;
#2157=CARTESIAN_POINT('Control Point',(-31.8043701051,10.8065575207,130.924022237)) ;
#2158=CARTESIAN_POINT('Control Point',(-26.8517917782,9.29813641898,130.515920664)) ;
#2159=CARTESIAN_POINT('Control Point',(-24.1074344474,10.1713700205,134.11725007)) ;
#2160=CARTESIAN_POINT('Control Point',(-26.3156554435,12.5530247225,138.126681049)) ;
#2161=CARTESIAN_POINT('Control Point',(-29.0600127743,11.6797911222,134.525351643)) ;
#2162=CARTESIAN_POINT('Control Point',(-30.2034552177,8.21226328047,135.333494242)) ;
#2163=CARTESIAN_POINT('Control Point',(-32.9433610345,7.07308593572,131.801256766)) ;
#2164=CARTESIAN_POINT('Control Point',(-27.8693665946,6.12295481509,131.236806122)) ;
#2165=CARTESIAN_POINT('Control Point',(-25.129460779,7.26213215984,134.769043569)) ;
#2166=CARTESIAN_POINT('Control Point',(-27.4635494034,9.35144062537,138.865731708)) ;
#2167=CARTESIAN_POINT('Control Point',(-30.2034552177,8.21226328047,135.333494242)) ;
#2168=CARTESIAN_POINT('Control Point',(-31.4640445578,0.960204017706,136.970768725)) ;
#2169=CARTESIAN_POINT('Control Point',(-34.1271817892,-0.743577863882,133.59355391)) ;
#2170=CARTESIAN_POINT('Control Point',(-28.9806648753,-0.550312085347,132.703459025)) ;
#2171=CARTESIAN_POINT('Control Point',(-26.3175276427,1.15346979624,136.08067387)) ;
#2172=CARTESIAN_POINT('Control Point',(-28.8009073239,2.66398589914,140.347983551)) ;
#2173=CARTESIAN_POINT('Control Point',(-31.4640445578,0.960204017706,136.970768725)) ;
#2174=CARTESIAN_POINT('Control Point',(-30.5796549734,-6.3393169364,138.605064479)) ;
#2175=CARTESIAN_POINT('Control Point',(-32.9977289631,-8.62734571363,135.403710083)) ;
#2176=CARTESIAN_POINT('Control Point',(-28.1162465354,-7.33329136997,134.189467018)) ;
#2177=CARTESIAN_POINT('Control Point',(-25.698172547,-5.04526259275,137.390821383)) ;
#2178=CARTESIAN_POINT('Control Point',(-28.1615809863,-4.05128815902,141.806418865)) ;
#2179=CARTESIAN_POINT('Control Point',(-30.5796549734,-6.3393169364,138.605064479)) ;
#2180=CARTESIAN_POINT('Control Point',(-29.5802972667,-9.93502804736,139.43025195)) ;
#2181=CARTESIAN_POINT('Control Point',(-31.8229221343,-12.5153232997,136.320704255)) ;
#2182=CARTESIAN_POINT('Control Point',(-27.1586521702,-10.6932718837,134.948031229)) ;
#2183=CARTESIAN_POINT('Control Point',(-24.9160273013,-8.11297663145,138.057578913)) ;
#2184=CARTESIAN_POINT('Control Point',(-27.3376723965,-7.35473279634,142.539799624)) ;
#2185=CARTESIAN_POINT('Control Point',(-29.5802972667,-9.93502804736,139.43025195)) ;
#2186=CARTESIAN_POINT('Control Point',(-25.5101316452,-19.0371379251,141.639196124)) ;
#2187=CARTESIAN_POINT('Control Point',(-27.1331840004,-22.3513982744,138.773470835)) ;
#2188=CARTESIAN_POINT('Control Point',(-23.2443692231,-19.2301417518,137.003229791)) ;
#2189=CARTESIAN_POINT('Control Point',(-21.6213168701,-15.9158814025,139.868955097)) ;
#2190=CARTESIAN_POINT('Control Point',(-23.8870792944,-15.7228775737,144.504921448)) ;
#2191=CARTESIAN_POINT('Control Point',(-25.5101316452,-19.0371379251,141.639196124)) ;
#2192=CARTESIAN_POINT('Control Point',(-18.1372266244,-26.0092600183,143.827824651)) ;
#2193=CARTESIAN_POINT('Control Point',(-18.775826865,-29.811585473,141.173272075)) ;
#2194=CARTESIAN_POINT('Control Point',(-16.089407618,-25.7734817884,139.103050745)) ;
#2195=CARTESIAN_POINT('Control Point',(-15.4508073739,-21.9711563337,141.757603293)) ;
#2196=CARTESIAN_POINT('Control Point',(-17.4986263766,-22.2069345671,146.48237717)) ;
#2197=CARTESIAN_POINT('Control Point',(-18.1372266244,-26.0092600183,143.827824651)) ;
#2198=CARTESIAN_POINT('Control Point',(-12.5030335418,-29.1041343706,145.188855278)) ;
#2199=CARTESIAN_POINT('Control Point',(-12.4028266444,-33.040905447,142.636436472)) ;
#2200=CARTESIAN_POINT('Control Point',(-10.574498148,-28.6225080762,140.432218087)) ;
#2201=CARTESIAN_POINT('Control Point',(-10.674705029,-24.6857368914,142.9846377)) ;
#2202=CARTESIAN_POINT('Control Point',(-12.6032404238,-25.1673631567,147.741274372)) ;
#2203=CARTESIAN_POINT('Control Point',(-12.5030335418,-29.1041343706,145.188855278)) ;
#2204=CARTESIAN_POINT('Control Point',(-6.3552529621,-30.6717934957,146.541373473)) ;
#2205=CARTESIAN_POINT('Control Point',(-5.4843188677,-34.5162160101,144.048258343)) ;
#2206=CARTESIAN_POINT('Control Point',(-4.56562864974,-29.9068307712,141.766819634)) ;
#2207=CARTESIAN_POINT('Control Point',(-5.43656274412,-26.0624082569,144.259934761)) ;
#2208=CARTESIAN_POINT('Control Point',(-7.22618705651,-26.8273709814,149.034488602)) ;
#2209=CARTESIAN_POINT('Control Point',(-6.3552529621,-30.6717934957,146.541373473)) ;
#2210=CARTESIAN_POINT('Control Point',(-0.19707069888,-30.7081025098,147.884451228)) ;
#2211=CARTESIAN_POINT('Control Point',(1.38066554579,-34.2459074231,145.40358752)) ;
#2212=CARTESIAN_POINT('Control Point',(1.38008021897,-29.6445949274,143.106214461)) ;
#2213=CARTESIAN_POINT('Control Point',(-0.197656025694,-26.106790014,145.587078169)) ;
#2214=CARTESIAN_POINT('Control Point',(-1.77480694355,-27.1702975964,150.365314936)) ;
#2215=CARTESIAN_POINT('Control Point',(-0.19707069888,-30.7081025098,147.884451228)) ;
#2217=CARTESIAN_POINT('Control Point',(-0.19707069888,-30.7081025098,147.884451228)) ;
#2218=CARTESIAN_POINT('Control Point',(1.38066554579,-34.2459074231,145.40358752)) ;
#2219=CARTESIAN_POINT('Control Point',(1.38008021897,-29.6445949274,143.106214461)) ;
#2220=CARTESIAN_POINT('Control Point',(-0.197656025694,-26.106790014,145.587078169)) ;
#2221=CARTESIAN_POINT('Control Point',(-1.77480694355,-27.1702975964,150.365314936)) ;
#2222=CARTESIAN_POINT('Control Point',(-0.19707069888,-30.7081025098,147.884451228)) ;
#2232=CARTESIAN_POINT('Control Point',(-0.19707069888,-30.7081025098,147.884451228)) ;
#2233=CARTESIAN_POINT('Control Point',(1.38066554579,-34.2459074231,145.40358752)) ;
#2234=CARTESIAN_POINT('Control Point',(1.38008021897,-29.6445949274,143.106214461)) ;
#2235=CARTESIAN_POINT('Control Point',(-0.197656025694,-26.106790014,145.587078169)) ;
#2236=CARTESIAN_POINT('Control Point',(-1.77480694355,-27.1702975964,150.365314936)) ;
#2237=CARTESIAN_POINT('Control Point',(-0.19707069888,-30.7081025098,147.884451228)) ;
#2238=CARTESIAN_POINT('Control Point',(5.43309997538,-30.7412983358,149.112371522)) ;
#2239=CARTESIAN_POINT('Control Point',(7.65703610878,-33.9987754901,146.642708781)) ;
#2240=CARTESIAN_POINT('Control Point',(6.81599526784,-29.4048435711,144.330767607)) ;
#2241=CARTESIAN_POINT('Control Point',(4.59205913443,-26.1473664166,146.80043035)) ;
#2242=CARTESIAN_POINT('Control Point',(3.20916384199,-27.4838211812,151.582034266)) ;
#2243=CARTESIAN_POINT('Control Point',(5.43309997538,-30.7412983358,149.112371522)) ;
#2244=CARTESIAN_POINT('Control Point',(11.0684510079,-29.4738268875,150.348159159)) ;
#2245=CARTESIAN_POINT('Control Point',(13.86761166,-32.334908209,147.929097811)) ;
#2246=CARTESIAN_POINT('Control Point',(12.2008757056,-27.9658685125,145.551418524)) ;
#2247=CARTESIAN_POINT('Control Point',(9.40171508058,-25.1047870515,147.970479682)) ;
#2248=CARTESIAN_POINT('Control Point',(8.26929037988,-26.6127453417,152.767220514)) ;
#2249=CARTESIAN_POINT('Control Point',(11.0684510079,-29.4738268875,150.348159159)) ;
#2250=CARTESIAN_POINT('Control Point',(16.29837404,-26.9054370705,151.589838211)) ;
#2251=CARTESIAN_POINT('Control Point',(19.5871743119,-29.2789662681,149.258307093)) ;
#2252=CARTESIAN_POINT('Control Point',(17.1912077663,-25.3396398214,146.767781006)) ;
#2253=CARTESIAN_POINT('Control Point',(13.9024074974,-22.9661106207,149.099312124)) ;
#2254=CARTESIAN_POINT('Control Point',(13.0095737711,-24.5319078698,153.921369305)) ;
#2255=CARTESIAN_POINT('Control Point',(16.29837404,-26.9054370705,151.589838211)) ;
#2256=CARTESIAN_POINT('Control Point',(23.636360007,-20.8411144607,153.651692279)) ;
#2257=CARTESIAN_POINT('Control Point',(27.5742071245,-22.2653719427,151.525479686)) ;
#2258=CARTESIAN_POINT('Control Point',(24.2422724368,-19.2804907902,148.786512743)) ;
#2259=CARTESIAN_POINT('Control Point',(20.3044253174,-17.8562333101,150.912725335)) ;
#2260=CARTESIAN_POINT('Control Point',(19.6985128876,-19.4168569806,155.777904886)) ;
#2261=CARTESIAN_POINT('Control Point',(23.636360007,-20.8411144607,153.651692279)) ;
#2262=CARTESIAN_POINT('Control Point',(28.1603789398,-12.6518892035,155.718661007)) ;
#2263=CARTESIAN_POINT('Control Point',(32.406260315,-12.9516238191,153.879572377)) ;
#2264=CARTESIAN_POINT('Control Point',(28.6391538791,-11.1249341056,150.830803246)) ;
#2265=CARTESIAN_POINT('Control Point',(24.3932725052,-10.8251994887,152.669891877)) ;
#2266=CARTESIAN_POINT('Control Point',(23.9144975658,-12.3521545866,157.557749627)) ;
#2267=CARTESIAN_POINT('Control Point',(28.1603789398,-12.6518892035,155.718661007)) ;
#2268=CARTESIAN_POINT('Control Point',(29.4405988199,-9.17512321634,156.534943427)) ;
#2269=CARTESIAN_POINT('Control Point',(33.7476500462,-9.00957664281,154.820181432)) ;
#2270=CARTESIAN_POINT('Control Point',(29.8926834701,-7.65194660856,151.643604937)) ;
#2271=CARTESIAN_POINT('Control Point',(25.5856322451,-7.81749318225,153.358366941)) ;
#2272=CARTESIAN_POINT('Control Point',(25.1335475962,-9.34066978987,158.249705421)) ;
#2273=CARTESIAN_POINT('Control Point',(29.4405988199,-9.17512321634,156.534943427)) ;
#2274=CARTESIAN_POINT('Control Point',(30.8978026601,-2.06785828347,158.140675896)) ;
#2275=CARTESIAN_POINT('Control Point',(35.1910100942,-0.96542463772,156.685709002)) ;
#2276=CARTESIAN_POINT('Control Point',(31.3190995108,-0.511159713638,153.256583787)) ;
#2277=CARTESIAN_POINT('Control Point',(27.0258920755,-1.61359335923,154.71155067)) ;
#2278=CARTESIAN_POINT('Control Point',(26.6045952235,-3.17029192922,159.595642789)) ;
#2279=CARTESIAN_POINT('Control Point',(30.8978026601,-2.06785828347,158.140675896)) ;
#2280=CARTESIAN_POINT('Control Point',(30.2447960324,5.1338793565,159.741248915)) ;
#2281=CARTESIAN_POINT('Control Point',(34.2489989383,7.15820431529,158.559368308)) ;
#2282=CARTESIAN_POINT('Control Point',(30.6234529951,6.80567764495,154.891686538)) ;
#2283=CARTESIAN_POINT('Control Point',(26.6192500904,4.78135268601,156.073567155)) ;
#2284=CARTESIAN_POINT('Control Point',(26.2405931289,3.10955439771,160.923129523)) ;
#2285=CARTESIAN_POINT('Control Point',(30.2447960324,5.1338793565,159.741248915)) ;
#2286=CARTESIAN_POINT('Control Point',(29.4085653636,8.60017600399,160.526954599)) ;
#2287=CARTESIAN_POINT('Control Point',(33.2012730048,11.0613461004,159.478827705)) ;
#2288=CARTESIAN_POINT('Control Point',(29.7504529574,10.3489673727,155.700932861)) ;
#2289=CARTESIAN_POINT('Control Point',(25.9577453162,7.88779727629,156.749059745)) ;
#2290=CARTESIAN_POINT('Control Point',(25.6158577248,6.1390059082,161.575081493)) ;
#2291=CARTESIAN_POINT('Control Point',(29.4085653636,8.60017600459,160.526954599)) ;
#2292=CARTESIAN_POINT('Control Point',(25.6982062572,17.8459938057,162.72850111)) ;
#2293=CARTESIAN_POINT('Control Point',(28.7118329134,21.4439718729,162.042115797)) ;
#2294=CARTESIAN_POINT('Control Point',(25.856928543,19.8415555118,157.982051071)) ;
#2295=CARTESIAN_POINT('Control Point',(22.8433018868,16.2435774445,158.668436401)) ;
#2296=CARTESIAN_POINT('Control Point',(22.6845795966,14.2480157373,163.414886422)) ;
#2297=CARTESIAN_POINT('Control Point',(25.6982062572,17.8459938046,162.72850111)) ;
#2298=CARTESIAN_POINT('Control Point',(18.5520404416,25.065407371,164.916895161)) ;
#2299=CARTESIAN_POINT('Control Point',(20.3316286635,29.4483027221,164.525351107)) ;
#2300=CARTESIAN_POINT('Control Point',(18.2747609226,27.2881141962,160.269176003)) ;
#2301=CARTESIAN_POINT('Control Point',(16.4951727006,22.9052188451,160.660720025)) ;
#2302=CARTESIAN_POINT('Control Point',(16.7724522275,20.6825120219,165.308439214)) ;
#2303=CARTESIAN_POINT('Control Point',(18.5520404416,25.065407373,164.916895161)) ;
#2304=CARTESIAN_POINT('Control Point',(12.8345763076,28.3710612785,166.3185025)) ;
#2305=CARTESIAN_POINT('Control Point',(13.6833787059,33.0365676331,166.067336886)) ;
#2306=CARTESIAN_POINT('Control Point',(12.1465108479,30.6502065959,161.727741728)) ;
#2307=CARTESIAN_POINT('Control Point',(11.2977084772,25.9847002413,161.978907653)) ;
#2308=CARTESIAN_POINT('Control Point',(11.985773919,23.705554924,166.56966868)) ;
#2309=CARTESIAN_POINT('Control Point',(12.8345763076,28.3710611683,166.3185025)) ;
#2310=CARTESIAN_POINT('Control Point',(6.54776211806,30.0495948742,167.719183503)) ;
#2311=CARTESIAN_POINT('Control Point',(6.42112529687,34.7435903832,167.549020832)) ;
#2312=CARTESIAN_POINT('Control Point',(5.40631451958,32.1982131316,163.161784867)) ;
#2313=CARTESIAN_POINT('Control Point',(5.53295134075,27.5042176226,163.331947536)) ;
#2314=CARTESIAN_POINT('Control Point',(6.67439893918,25.3555993653,167.889346173)) ;
#2315=CARTESIAN_POINT('Control Point',(6.54776211806,30.0495948743,167.719183503)) ;
#2316=CARTESIAN_POINT('Control Point',(0.249205498479,30.0975050636,169.118431662)) ;
#2317=CARTESIAN_POINT('Control Point',(-0.810065421131,34.5712317108,168.964434891)) ;
#2318=CARTESIAN_POINT('Control Point',(-1.27725195524,31.9443481328,164.567706629)) ;
#2319=CARTESIAN_POINT('Control Point',(-0.217981035631,27.4706214856,164.7217034)) ;
#2320=CARTESIAN_POINT('Control Point',(1.30847641809,25.6237784164,169.272428432)) ;
#2321=CARTESIAN_POINT('Control Point',(0.249205498479,30.0975050636,169.118431662)) ;
#2323=CARTESIAN_POINT('Control Point',(0.249205498479,30.0975050636,169.118431662)) ;
#2324=CARTESIAN_POINT('Control Point',(-0.810065421131,34.5712317108,168.964434891)) ;
#2325=CARTESIAN_POINT('Control Point',(-1.27725195524,31.9443481328,164.567706629)) ;
#2326=CARTESIAN_POINT('Control Point',(-0.217981035631,27.4706214856,164.7217034)) ;
#2327=CARTESIAN_POINT('Control Point',(1.30847641809,25.6237784164,169.272428432)) ;
#2328=CARTESIAN_POINT('Control Point',(0.249205498479,30.0975050636,169.118431662)) ;
#2337=CARTESIAN_POINT('Axis2P3D Location',(0.,0.,0.)) ;
#2347=CARTESIAN_POINT('Axis2P3D Location',(6.50101300379,32.5436103548,197.176478134)) ;
#2359=CARTESIAN_POINT('Axis2P3D Location',(0.,0.,0.)) ;
#2363=CARTESIAN_POINT('Limit',(30.,0.,0.)) ;
#2364=CARTESIAN_POINT('Limit',(-30.,1.69966166929E-14,0.)) ;
#2367=CARTESIAN_POINT('Axis2P3D Location',(0.,0.,0.)) ;
#2371=CARTESIAN_POINT('Limit',(-30.,1.69966166929E-14,0.)) ;
#2372=CARTESIAN_POINT('Limit',(30.,0.,0.)) ;
#2384=CARTESIAN_POINT('Axis2P3D Location',(0.,30.,0.)) ;
#2401=CARTESIAN_POINT('NONE',(0.,0.,0.)) ;
#2402=CARTESIAN_POINT('NONE',(0.,0.,2.)) ;
#8=PRODUCT_RELATED_PRODUCT_CATEGORY('part',$,(#26,#136,#310)) ;
#11=PRODUCT_RELATED_PRODUCT_CATEGORY('part',$,(#5)) ;
#20=UNCERTAINTY_MEASURE_WITH_UNIT(LENGTH_MEASURE(0.005),#17,'distance_accuracy_value','CONFUSED CURVE UNCERTAINTY') ;
#22=UNCERTAINTY_MEASURE_WITH_UNIT(LENGTH_MEASURE(0.005),#17,'distance_accuracy_value','CONFUSED CURVE UNCERTAINTY') ;
#132=UNCERTAINTY_MEASURE_WITH_UNIT(LENGTH_MEASURE(0.005),#17,'distance_accuracy_value','CONFUSED CURVE UNCERTAINTY') ;
#306=UNCERTAINTY_MEASURE_WITH_UNIT(LENGTH_MEASURE(0.005),#17,'distance_accuracy_value','CONFUSED CURVE UNCERTAINTY') ;
#123=ITEM_DEFINED_TRANSFORMATION(' ',' ',#125,#124) ;
#297=ITEM_DEFINED_TRANSFORMATION(' ',' ',#299,#298) ;
#2398=ITEM_DEFINED_TRANSFORMATION(' ',' ',#2400,#2399) ;
#38=STYLED_ITEM(' ',(#37),#30) ;
#141=STYLED_ITEM(' ',(#37),#140) ;
#315=STYLED_ITEM(' ',(#37),#314) ;
#2380=STYLED_ITEM(' ',(#2379),#2375) ;
#2391=STYLED_ITEM(' ',(#2390),#2388) ;
#37=PRESENTATION_STYLE_ASSIGNMENT((#36)) ;
#2379=PRESENTATION_STYLE_ASSIGNMENT((#2378)) ;
#2390=PRESENTATION_STYLE_ASSIGNMENT((#2389)) ;
#2378=CURVE_STYLE(' ',#2376,POSITIVE_LENGTH_MEASURE(0.129999995232),#2377) ;
#2389=CURVE_STYLE(' ',#2376,POSITIVE_LENGTH_MEASURE(0.13),#2377) ;
#36=SURFACE_STYLE_USAGE(.BOTH.,#35) ;
#35=SURFACE_SIDE_STYLE(' ',(#34)) ;
#34=SURFACE_STYLE_FILL_AREA(#33) ;
#33=FILL_AREA_STYLE(' ',(#32)) ;
#32=FILL_AREA_STYLE_COLOUR(' ',#31) ;
#47=VECTOR('Line Direction',#46,1.) ;
#63=VECTOR('Line Direction',#62,1.) ;
#150=VECTOR('Line Direction',#149,1.) ;
#159=VECTOR('Line Direction',#158,1.) ;
#166=VECTOR('Line Direction',#165,1.) ;
#173=VECTOR('Line Direction',#172,1.) ;
#190=VECTOR('Line Direction',#189,1.) ;
#197=VECTOR('Line Direction',#196,1.) ;
#204=VECTOR('Line Direction',#203,1.) ;
#221=VECTOR('Line Direction',#220,1.) ;
#228=VECTOR('Line Direction',#227,1.) ;
#235=VECTOR('Line Direction',#234,1.) ;
#252=VECTOR('Line Direction',#251,1.) ;
#257=VECTOR('Line Direction',#256,1.) ;
#41=DIRECTION('Axis2P3D Direction',(0.,0.,1.)) ;
#42=DIRECTION('Axis2P3D XDirection',(1.,0.,0.)) ;
#46=DIRECTION('Vector Direction',(0.,0.,1.)) ;
#55=DIRECTION('Axis2P3D Direction',(0.,0.,1.)) ;
#62=DIRECTION('Vector Direction',(0.,0.,1.)) ;
#69=DIRECTION('Axis2P3D Direction',(0.,0.,1.)) ;
#81=DIRECTION('Axis2P3D Direction',(0.,0.,1.)) ;
#86=DIRECTION('Axis2P3D Direction',(0.,0.,1.)) ;
#98=DIRECTION('Axis2P3D Direction',(0.,0.,1.)) ;
#99=DIRECTION('Axis2P3D XDirection',(1.,0.,0.)) ;
#108=DIRECTION('Axis2P3D Direction',(0.,0.,1.)) ;
#109=DIRECTION('Axis2P3D XDirection',(1.,0.,0.)) ;
#128=DIRECTION('NONE',(1.,0.,0.)) ;
#129=DIRECTION('NONE',(0.,0.,1.)) ;
#130=DIRECTION('NONE',(1.,0.,0.)) ;
#131=DIRECTION('NONE',(0.,0.,1.)) ;
#144=DIRECTION('Axis2P3D Direction',(0.,-1.,0.)) ;
#145=DIRECTION('Axis2P3D XDirection',(1.,0.,0.)) ;
#149=DIRECTION('Vector Direction',(0.,0.,1.)) ;
#158=DIRECTION('Vector Direction',(1.,0.,0.)) ;
#165=DIRECTION('Vector Direction',(0.,0.,1.)) ;
#172=DIRECTION('Vector Direction',(1.,0.,0.)) ;
#184=DIRECTION('Axis2P3D Direction',(1.,0.,0.)) ;
#185=DIRECTION('Axis2P3D XDirection',(0.,1.,0.)) ;
#189=DIRECTION('Vector Direction',(0.,1.,0.)) ;
#196=DIRECTION('Vector Direction',(0.,0.,1.)) ;
#203=DIRECTION('Vector Direction',(0.,1.,0.)) ;
#215=DIRECTION('Axis2P3D Direction',(0.,1.,-0.)) ;
#216=DIRECTION('Axis2P3D XDirection',(-1.,0.,0.)) ;
#220=DIRECTION('Vector Direction',(-1.,0.,0.)) ;
#227=DIRECTION('Vector Direction',(0.,0.,1.)) ;
#234=DIRECTION('Vector Direction',(-1.,0.,0.)) ;
#246=DIRECTION('Axis2P3D Direction',(-1.,0.,0.)) ;
#247=DIRECTION('Axis2P3D XDirection',(0.,-1.,0.)) ;
#251=DIRECTION('Vector Direction',(0.,-1.,0.)) ;
#256=DIRECTION('Vector Direction',(0.,-1.,0.)) ;
#268=DIRECTION('Axis2P3D Direction',(0.,0.,1.)) ;
#269=DIRECTION('Axis2P3D XDirection',(1.,0.,0.)) ;
#280=DIRECTION('Axis2P3D Direction',(0.,0.,1.)) ;
#281=DIRECTION('Axis2P3D XDirection',(1.,0.,0.)) ;
#302=DIRECTION('NONE',(1.,0.,0.)) ;
#303=DIRECTION('NONE',(0.,0.,1.)) ;
#304=DIRECTION('NONE',(1.,0.,0.)) ;
#305=DIRECTION('NONE',(0.,0.,1.)) ;
#2338=DIRECTION('Axis2P3D Direction',(-1.,0.,0.)) ;
#2339=DIRECTION('Axis2P3D XDirection',(0.,-1.,0.)) ;
#2348=DIRECTION('Axis2P3D Direction',(-0.948690546935,-0.21670043346,0.230276286872)) ;
#2349=DIRECTION('Axis2P3D XDirection',(0.21670043346,0.0847870118259,0.972549271124)) ;
#2360=DIRECTION('Axis2P3D Direction',(0.,0.,1.)) ;
#2368=DIRECTION('Axis2P3D Direction',(0.,0.,1.)) ;
#2385=DIRECTION('Axis2P3D Direction',(-1.,0.,0.)) ;
#2386=DIRECTION('Axis2P3D XDirection',(0.,1.,0.)) ;
#2403=DIRECTION('NONE',(1.,0.,0.)) ;
#2404=DIRECTION('NONE',(0.,0.,1.)) ;
#2405=DIRECTION('NONE',(1.,0.,0.)) ;
#2406=DIRECTION('NONE',(0.,0.,1.)) ;
#121=CONTEXT_DEPENDENT_SHAPE_REPRESENTATION(#122,#120) ;
#295=CONTEXT_DEPENDENT_SHAPE_REPRESENTATION(#296,#294) ;
#2396=CONTEXT_DEPENDENT_SHAPE_REPRESENTATION(#2397,#2395) ;
#118=SHAPE_REPRESENTATION_RELATIONSHIP(' ',' ',#24,#117) ;
#292=SHAPE_REPRESENTATION_RELATIONSHIP(' ',' ',#134,#291) ;
#2358=SHAPE_REPRESENTATION_RELATIONSHIP(' ',' ',#308,#2357) ;
#2383=SHAPE_REPRESENTATION_RELATIONSHIP(' ',' ',#308,#2381) ;
#43=AXIS2_PLACEMENT_3D('Cylinder Axis2P3D',#40,#41,#42) ;
#56=AXIS2_PLACEMENT_3D('Circle Axis2P3D',#54,#55,$) ;
#70=AXIS2_PLACEMENT_3D('Circle Axis2P3D',#68,#69,$) ;
#82=AXIS2_PLACEMENT_3D('Circle Axis2P3D',#80,#81,$) ;
#87=AXIS2_PLACEMENT_3D('Circle Axis2P3D',#85,#86,$) ;
#100=AXIS2_PLACEMENT_3D('Plane Axis2P3D',#97,#98,#99) ;
#110=AXIS2_PLACEMENT_3D('Plane Axis2P3D',#107,#108,#109) ;
#124=AXIS2_PLACEMENT_3D(' ',#127,#131,#130) ;
#125=AXIS2_PLACEMENT_3D(' ',#126,#129,#128) ;
#146=AXIS2_PLACEMENT_3D('Plane Axis2P3D',#143,#144,#145) ;
#186=AXIS2_PLACEMENT_3D('Plane Axis2P3D',#183,#184,#185) ;
#217=AXIS2_PLACEMENT_3D('Plane Axis2P3D',#214,#215,#216) ;
#248=AXIS2_PLACEMENT_3D('Plane Axis2P3D',#245,#246,#247) ;
#270=AXIS2_PLACEMENT_3D('Plane Axis2P3D',#267,#268,#269) ;
#282=AXIS2_PLACEMENT_3D('Plane Axis2P3D',#279,#280,#281) ;
#298=AXIS2_PLACEMENT_3D(' ',#301,#305,#304) ;
#299=AXIS2_PLACEMENT_3D(' ',#300,#303,#302) ;
#2340=AXIS2_PLACEMENT_3D('Plane Axis2P3D',#2337,#2338,#2339) ;
#2350=AXIS2_PLACEMENT_3D('Plane Axis2P3D',#2347,#2348,#2349) ;
#2361=AXIS2_PLACEMENT_3D('Circle Axis2P3D',#2359,#2360,$) ;
#2369=AXIS2_PLACEMENT_3D('Circle Axis2P3D',#2367,#2368,$) ;
#2387=AXIS2_PLACEMENT_3D('Plane Axis2P3D',#2384,#2385,#2386) ;
#2399=AXIS2_PLACEMENT_3D(' ',#2402,#2406,#2405) ;
#2400=AXIS2_PLACEMENT_3D(' ',#2401,#2404,#2403) ;
#48=LINE('Line',#45,#47) ;
#64=LINE('Line',#61,#63) ;
#151=LINE('Line',#148,#150) ;
#160=LINE('Line',#157,#159) ;
#167=LINE('Line',#164,#166) ;
#174=LINE('Line',#171,#173) ;
#191=LINE('Line',#188,#190) ;
#198=LINE('Line',#195,#197) ;
#205=LINE('Line',#202,#204) ;
#222=LINE('Line',#219,#221) ;
#229=LINE('Line',#226,#228) ;
#236=LINE('Line',#233,#235) ;
#253=LINE('Line',#250,#252) ;
#258=LINE('Line',#255,#257) ;
#57=CIRCLE('generated circle',#56,2.5) ;
#71=CIRCLE('generated circle',#70,2.5) ;
#83=CIRCLE('generated circle',#82,2.5) ;
#88=CIRCLE('generated circle',#87,2.5) ;
#2362=CIRCLE('generated circle',#2361,30.) ;
#2370=CIRCLE('generated circle',#2369,30.) ;
#101=PLANE('',#100) ;
#111=PLANE('',#110) ;
#147=PLANE('',#146) ;
#187=PLANE('',#186) ;
#218=PLANE('',#217) ;
#249=PLANE('',#248) ;
#271=PLANE('',#270) ;
#283=PLANE('',#282) ;
#2341=PLANE('',#2340) ;
#2351=PLANE('',#2350) ;
#2388=PLANE('Plane.1',#2387) ;
#44=CYLINDRICAL_SURFACE('generated cylinder',#43,2.5) ;
#2375=COMPOSITE_CURVE('Sketch.1',(#2366,#2374),.U.) ;
#2366=COMPOSITE_CURVE_SEGMENT(.CONTINUOUS.,.T.,#2365) ;
#2374=COMPOSITE_CURVE_SEGMENT(.DISCONTINUOUS.,.T.,#2373) ;
#53=EDGE_CURVE('',#50,#52,#48,.T.) ;
#60=EDGE_CURVE('',#50,#59,#57,.T.) ;
#67=EDGE_CURVE('',#59,#66,#64,.T.) ;
#72=EDGE_CURVE('',#52,#66,#71,.T.) ;
#84=EDGE_CURVE('',#59,#50,#83,.T.) ;
#89=EDGE_CURVE('',#66,#52,#88,.T.) ;
#156=EDGE_CURVE('',#153,#155,#151,.T.) ;
#163=EDGE_CURVE('',#153,#162,#160,.F.) ;
#170=EDGE_CURVE('',#162,#169,#167,.T.) ;
#175=EDGE_CURVE('',#155,#169,#174,.F.) ;
#194=EDGE_CURVE('',#162,#193,#191,.F.) ;
#201=EDGE_CURVE('',#193,#200,#198,.T.) ;
#206=EDGE_CURVE('',#169,#200,#205,.F.) ;
#225=EDGE_CURVE('',#193,#224,#222,.F.) ;
#232=EDGE_CURVE('',#224,#231,#229,.T.) ;
#237=EDGE_CURVE('',#200,#231,#236,.F.) ;
#254=EDGE_CURVE('',#224,#153,#253,.F.) ;
#259=EDGE_CURVE('',#231,#155,#258,.F.) ;
#428=EDGE_CURVE('',#425,#427,#408,.T.) ;
#438=EDGE_CURVE('',#425,#437,#429,.T.) ;
#457=EDGE_CURVE('',#437,#456,#439,.T.) ;
#465=EDGE_CURVE('',#427,#456,#458,.T.) ;
#582=EDGE_CURVE('',#427,#581,#564,.T.) ;
#601=EDGE_CURVE('',#456,#600,#583,.T.) ;
#609=EDGE_CURVE('',#581,#600,#602,.T.) ;
#726=EDGE_CURVE('',#581,#725,#708,.T.) ;
#745=EDGE_CURVE('',#600,#744,#727,.T.) ;
#753=EDGE_CURVE('',#725,#744,#746,.T.) ;
#870=EDGE_CURVE('',#725,#869,#852,.T.) ;
#889=EDGE_CURVE('',#744,#888,#871,.T.) ;
#897=EDGE_CURVE('',#869,#888,#890,.T.) ;
#1014=EDGE_CURVE('',#869,#1013,#996,.T.) ;
#1033=EDGE_CURVE('',#888,#1032,#1015,.T.) ;
#1041=EDGE_CURVE('',#1013,#1032,#1034,.T.) ;
#1158=EDGE_CURVE('',#1013,#1157,#1140,.T.) ;
#1177=EDGE_CURVE('',#1032,#1176,#1159,.T.) ;
#1185=EDGE_CURVE('',#1157,#1176,#1178,.T.) ;
#1302=EDGE_CURVE('',#1157,#1301,#1284,.T.) ;
#1321=EDGE_CURVE('',#1176,#1320,#1303,.T.) ;
#1329=EDGE_CURVE('',#1301,#1320,#1322,.T.) ;
#1446=EDGE_CURVE('',#1301,#1445,#1428,.T.) ;
#1465=EDGE_CURVE('',#1320,#1464,#1447,.T.) ;
#1473=EDGE_CURVE('',#1445,#1464,#1466,.T.) ;
#1579=EDGE_CURVE('',#437,#425,#1572,.T.) ;
#1587=EDGE_CURVE('',#456,#427,#1580,.T.) ;
#1693=EDGE_CURVE('',#600,#581,#1686,.T.) ;
#1799=EDGE_CURVE('',#744,#725,#1792,.T.) ;
#1905=EDGE_CURVE('',#888,#869,#1898,.T.) ;
#2011=EDGE_CURVE('',#1032,#1013,#2004,.T.) ;
#2117=EDGE_CURVE('',#1176,#1157,#2110,.T.) ;
#2223=EDGE_CURVE('',#1320,#1301,#2216,.T.) ;
#2329=EDGE_CURVE('',#1464,#1445,#2322,.T.) ;
#39=CLOSED_SHELL('Closed Shell',(#79,#96,#106,#116)) ;
#142=CLOSED_SHELL('Closed Shell',(#182,#213,#244,#266,#278,#290)) ;
#316=CLOSED_SHELL('Closed Shell',(#472,#616,#760,#904,#1048,#1192,#1336,#1480,#1594,#1700,#1806,#1912,#2018,#2124,#2230,#2336,#2346,#2356)) ;
#74=ORIENTED_EDGE('',*,*,#53,.F.) ;
#75=ORIENTED_EDGE('',*,*,#60,.T.) ;
#76=ORIENTED_EDGE('',*,*,#67,.T.) ;
#77=ORIENTED_EDGE('',*,*,#72,.F.) ;
#91=ORIENTED_EDGE('',*,*,#67,.F.) ;
#92=ORIENTED_EDGE('',*,*,#84,.T.) ;
#93=ORIENTED_EDGE('',*,*,#53,.T.) ;
#94=ORIENTED_EDGE('',*,*,#89,.F.) ;
#103=ORIENTED_EDGE('',*,*,#84,.F.) ;
#104=ORIENTED_EDGE('',*,*,#60,.F.) ;
#113=ORIENTED_EDGE('',*,*,#72,.T.) ;
#114=ORIENTED_EDGE('',*,*,#89,.T.) ;
#177=ORIENTED_EDGE('',*,*,#156,.F.) ;
#178=ORIENTED_EDGE('',*,*,#163,.T.) ;
#179=ORIENTED_EDGE('',*,*,#170,.T.) ;
#180=ORIENTED_EDGE('',*,*,#175,.F.) ;
#208=ORIENTED_EDGE('',*,*,#170,.F.) ;
#209=ORIENTED_EDGE('',*,*,#194,.T.) ;
#210=ORIENTED_EDGE('',*,*,#201,.T.) ;
#211=ORIENTED_EDGE('',*,*,#206,.F.) ;
#239=ORIENTED_EDGE('',*,*,#201,.F.) ;
#240=ORIENTED_EDGE('',*,*,#225,.T.) ;
#241=ORIENTED_EDGE('',*,*,#232,.T.) ;
#242=ORIENTED_EDGE('',*,*,#237,.F.) ;
#261=ORIENTED_EDGE('',*,*,#232,.F.) ;
#262=ORIENTED_EDGE('',*,*,#254,.T.) ;
#263=ORIENTED_EDGE('',*,*,#156,.T.) ;
#264=ORIENTED_EDGE('',*,*,#259,.F.) ;
#273=ORIENTED_EDGE('',*,*,#254,.F.) ;
#274=ORIENTED_EDGE('',*,*,#225,.F.) ;
#275=ORIENTED_EDGE('',*,*,#194,.F.) ;
#276=ORIENTED_EDGE('',*,*,#163,.F.) ;
#285=ORIENTED_EDGE('',*,*,#175,.T.) ;
#286=ORIENTED_EDGE('',*,*,#206,.T.) ;
#287=ORIENTED_EDGE('',*,*,#237,.T.) ;
#288=ORIENTED_EDGE('',*,*,#259,.T.) ;
#467=ORIENTED_EDGE('',*,*,#428,.F.) ;
#468=ORIENTED_EDGE('',*,*,#438,.T.) ;
#469=ORIENTED_EDGE('',*,*,#457,.T.) ;
#470=ORIENTED_EDGE('',*,*,#465,.F.) ;
#611=ORIENTED_EDGE('',*,*,#582,.F.) ;
#612=ORIENTED_EDGE('',*,*,#465,.T.) ;
#613=ORIENTED_EDGE('',*,*,#601,.T.) ;
#614=ORIENTED_EDGE('',*,*,#609,.F.) ;
#755=ORIENTED_EDGE('',*,*,#726,.F.) ;
#756=ORIENTED_EDGE('',*,*,#609,.T.) ;
#757=ORIENTED_EDGE('',*,*,#745,.T.) ;
#758=ORIENTED_EDGE('',*,*,#753,.F.) ;
#899=ORIENTED_EDGE('',*,*,#870,.F.) ;
#900=ORIENTED_EDGE('',*,*,#753,.T.) ;
#901=ORIENTED_EDGE('',*,*,#889,.T.) ;
#902=ORIENTED_EDGE('',*,*,#897,.F.) ;
#1043=ORIENTED_EDGE('',*,*,#1014,.F.) ;
#1044=ORIENTED_EDGE('',*,*,#897,.T.) ;
#1045=ORIENTED_EDGE('',*,*,#1033,.T.) ;
#1046=ORIENTED_EDGE('',*,*,#1041,.F.) ;
#1187=ORIENTED_EDGE('',*,*,#1158,.F.) ;
#1188=ORIENTED_EDGE('',*,*,#1041,.T.) ;
#1189=ORIENTED_EDGE('',*,*,#1177,.T.) ;
#1190=ORIENTED_EDGE('',*,*,#1185,.F.) ;
#1331=ORIENTED_EDGE('',*,*,#1302,.F.) ;
#1332=ORIENTED_EDGE('',*,*,#1185,.T.) ;
#1333=ORIENTED_EDGE('',*,*,#1321,.T.) ;
#1334=ORIENTED_EDGE('',*,*,#1329,.F.) ;
#1475=ORIENTED_EDGE('',*,*,#1446,.F.) ;
#1476=ORIENTED_EDGE('',*,*,#1329,.T.) ;
#1477=ORIENTED_EDGE('',*,*,#1465,.T.) ;
#1478=ORIENTED_EDGE('',*,*,#1473,.F.) ;
#1589=ORIENTED_EDGE('',*,*,#457,.F.) ;
#1590=ORIENTED_EDGE('',*,*,#1579,.T.) ;
#1591=ORIENTED_EDGE('',*,*,#428,.T.) ;
#1592=ORIENTED_EDGE('',*,*,#1587,.F.) ;
#1695=ORIENTED_EDGE('',*,*,#601,.F.) ;
#1696=ORIENTED_EDGE('',*,*,#1587,.T.) ;
#1697=ORIENTED_EDGE('',*,*,#582,.T.) ;
#1698=ORIENTED_EDGE('',*,*,#1693,.F.) ;
#1801=ORIENTED_EDGE('',*,*,#745,.F.) ;
#1802=ORIENTED_EDGE('',*,*,#1693,.T.) ;
#1803=ORIENTED_EDGE('',*,*,#726,.T.) ;
#1804=ORIENTED_EDGE('',*,*,#1799,.F.) ;
#1907=ORIENTED_EDGE('',*,*,#889,.F.) ;
#1908=ORIENTED_EDGE('',*,*,#1799,.T.) ;
#1909=ORIENTED_EDGE('',*,*,#870,.T.) ;
#1910=ORIENTED_EDGE('',*,*,#1905,.F.) ;
#2013=ORIENTED_EDGE('',*,*,#1033,.F.) ;
#2014=ORIENTED_EDGE('',*,*,#1905,.T.) ;
#2015=ORIENTED_EDGE('',*,*,#1014,.T.) ;
#2016=ORIENTED_EDGE('',*,*,#2011,.F.) ;
#2119=ORIENTED_EDGE('',*,*,#1177,.F.) ;
#2120=ORIENTED_EDGE('',*,*,#2011,.T.) ;
#2121=ORIENTED_EDGE('',*,*,#1158,.T.) ;
#2122=ORIENTED_EDGE('',*,*,#2117,.F.) ;
#2225=ORIENTED_EDGE('',*,*,#1321,.F.) ;
#2226=ORIENTED_EDGE('',*,*,#2117,.T.) ;
#2227=ORIENTED_EDGE('',*,*,#1302,.T.) ;
#2228=ORIENTED_EDGE('',*,*,#2223,.F.) ;
#2331=ORIENTED_EDGE('',*,*,#1465,.F.) ;
#2332=ORIENTED_EDGE('',*,*,#2223,.T.) ;
#2333=ORIENTED_EDGE('',*,*,#1446,.T.) ;
#2334=ORIENTED_EDGE('',*,*,#2329,.F.) ;
#2343=ORIENTED_EDGE('',*,*,#1579,.F.) ;
#2344=ORIENTED_EDGE('',*,*,#438,.F.) ;
#2353=ORIENTED_EDGE('',*,*,#1473,.T.) ;
#2354=ORIENTED_EDGE('',*,*,#2329,.T.) ;
#2392=CONSTRUCTIVE_GEOMETRY_REPRESENTATION('supplemental geometry',(#2388),#307) ;
#2382=GEOMETRIC_SET('NONE',(#2375)) ;
#73=EDGE_LOOP('',(#74,#75,#76,#77)) ;
#90=EDGE_LOOP('',(#91,#92,#93,#94)) ;
#102=EDGE_LOOP('',(#103,#104)) ;
#112=EDGE_LOOP('',(#113,#114)) ;
#176=EDGE_LOOP('',(#177,#178,#179,#180)) ;
#207=EDGE_LOOP('',(#208,#209,#210,#211)) ;
#238=EDGE_LOOP('',(#239,#240,#241,#242)) ;
#260=EDGE_LOOP('',(#261,#262,#263,#264)) ;
#272=EDGE_LOOP('',(#273,#274,#275,#276)) ;
#284=EDGE_LOOP('',(#285,#286,#287,#288)) ;
#466=EDGE_LOOP('',(#467,#468,#469,#470)) ;
#610=EDGE_LOOP('',(#611,#612,#613,#614)) ;
#754=EDGE_LOOP('',(#755,#756,#757,#758)) ;
#898=EDGE_LOOP('',(#899,#900,#901,#902)) ;
#1042=EDGE_LOOP('',(#1043,#1044,#1045,#1046)) ;
#1186=EDGE_LOOP('',(#1187,#1188,#1189,#1190)) ;
#1330=EDGE_LOOP('',(#1331,#1332,#1333,#1334)) ;
#1474=EDGE_LOOP('',(#1475,#1476,#1477,#1478)) ;
#1588=EDGE_LOOP('',(#1589,#1590,#1591,#1592)) ;
#1694=EDGE_LOOP('',(#1695,#1696,#1697,#1698)) ;
#1800=EDGE_LOOP('',(#1801,#1802,#1803,#1804)) ;
#1906=EDGE_LOOP('',(#1907,#1908,#1909,#1910)) ;
#2012=EDGE_LOOP('',(#2013,#2014,#2015,#2016)) ;
#2118=EDGE_LOOP('',(#2119,#2120,#2121,#2122)) ;
#2224=EDGE_LOOP('',(#2225,#2226,#2227,#2228)) ;
#2330=EDGE_LOOP('',(#2331,#2332,#2333,#2334)) ;
#2342=EDGE_LOOP('',(#2343,#2344)) ;
#2352=EDGE_LOOP('',(#2353,#2354)) ;
#30=MANIFOLD_SOLID_BREP('PartBody',#39) ;
#140=MANIFOLD_SOLID_BREP('PartBody',#142) ;
#314=MANIFOLD_SOLID_BREP('PartBody',#316) ;
#50=VERTEX_POINT('',#49) ;
#52=VERTEX_POINT('',#51) ;
#59=VERTEX_POINT('',#58) ;
#66=VERTEX_POINT('',#65) ;
#153=VERTEX_POINT('',#152) ;
#155=VERTEX_POINT('',#154) ;
#162=VERTEX_POINT('',#161) ;
#169=VERTEX_POINT('',#168) ;
#193=VERTEX_POINT('',#192) ;
#200=VERTEX_POINT('',#199) ;
#224=VERTEX_POINT('',#223) ;
#231=VERTEX_POINT('',#230) ;
#425=VERTEX_POINT('',#424) ;
#427=VERTEX_POINT('',#426) ;
#437=VERTEX_POINT('',#436) ;
#456=VERTEX_POINT('',#455) ;
#581=VERTEX_POINT('',#580) ;
#600=VERTEX_POINT('',#599) ;
#725=VERTEX_POINT('',#724) ;
#744=VERTEX_POINT('',#743) ;
#869=VERTEX_POINT('',#868) ;
#888=VERTEX_POINT('',#887) ;
#1013=VERTEX_POINT('',#1012) ;
#1032=VERTEX_POINT('',#1031) ;
#1157=VERTEX_POINT('',#1156) ;
#1176=VERTEX_POINT('',#1175) ;
#1301=VERTEX_POINT('',#1300) ;
#1320=VERTEX_POINT('',#1319) ;
#1445=VERTEX_POINT('',#1444) ;
#1464=VERTEX_POINT('',#1463) ;
#119=NEXT_ASSEMBLY_USAGE_OCCURRENCE('Connection base.1','Connection base.1','',#13,#28,'Connection base.1') ;
#293=NEXT_ASSEMBLY_USAGE_OCCURRENCE('Ground Plane.1','Ground Plane.1','',#13,#138,'Ground Plane.1') ;
#2394=NEXT_ASSEMBLY_USAGE_OCCURRENCE('Helix.1','Helix.1','',#13,#312,'Helix.1') ;
#117=ADVANCED_BREP_SHAPE_REPRESENTATION('NONE',(#30),#23) ;
#291=ADVANCED_BREP_SHAPE_REPRESENTATION('NONE',(#140),#133) ;
#2357=ADVANCED_BREP_SHAPE_REPRESENTATION('NONE',(#314),#307) ;
#79=ADVANCED_FACE('PartBody',(#78),#44,.T.) ;
#96=ADVANCED_FACE('PartBody',(#95),#44,.T.) ;
#106=ADVANCED_FACE('PartBody',(#105),#101,.F.) ;
#116=ADVANCED_FACE('PartBody',(#115),#111,.T.) ;
#182=ADVANCED_FACE('PartBody',(#181),#147,.F.) ;
#213=ADVANCED_FACE('PartBody',(#212),#187,.F.) ;
#244=ADVANCED_FACE('PartBody',(#243),#218,.F.) ;
#266=ADVANCED_FACE('PartBody',(#265),#249,.F.) ;
#278=ADVANCED_FACE('PartBody',(#277),#271,.F.) ;
#290=ADVANCED_FACE('PartBody',(#289),#283,.T.) ;
#472=ADVANCED_FACE('PartBody',(#471),#317,.F.) ;
#616=ADVANCED_FACE('PartBody',(#615),#473,.F.) ;
#760=ADVANCED_FACE('PartBody',(#759),#617,.F.) ;
#904=ADVANCED_FACE('PartBody',(#903),#761,.F.) ;
#1048=ADVANCED_FACE('PartBody',(#1047),#905,.F.) ;
#1192=ADVANCED_FACE('PartBody',(#1191),#1049,.F.) ;
#1336=ADVANCED_FACE('PartBody',(#1335),#1193,.F.) ;
#1480=ADVANCED_FACE('PartBody',(#1479),#1337,.F.) ;
#1594=ADVANCED_FACE('PartBody',(#1593),#1481,.F.) ;
#1700=ADVANCED_FACE('PartBody',(#1699),#1595,.F.) ;
#1806=ADVANCED_FACE('PartBody',(#1805),#1701,.F.) ;
#1912=ADVANCED_FACE('PartBody',(#1911),#1807,.F.) ;
#2018=ADVANCED_FACE('PartBody',(#2017),#1913,.F.) ;
#2124=ADVANCED_FACE('PartBody',(#2123),#2019,.F.) ;
#2230=ADVANCED_FACE('PartBody',(#2229),#2125,.F.) ;
#2336=ADVANCED_FACE('PartBody',(#2335),#2231,.F.) ;
#2346=ADVANCED_FACE('PartBody',(#2345),#2341,.F.) ;
#2356=ADVANCED_FACE('PartBody',(#2355),#2351,.T.) ;
#4=APPLICATION_PROTOCOL_DEFINITION('international standard','ap242_managed_model_based_3d_engineering',2014,#1) ;
#31=COLOUR_RGB('Colour',0.823529411765,0.823529411765,1.) ;
#2393=CONSTRUCTIVE_GEOMETRY_REPRESENTATION_RELATIONSHIP('supplemental geometry','',#308,#2392) ;
#2377=DRAUGHTING_PRE_DEFINED_COLOUR('white') ;
#2376=DRAUGHTING_PRE_DEFINED_CURVE_FONT('continuous') ;
#78=FACE_OUTER_BOUND('',#73,.T.) ;
#95=FACE_OUTER_BOUND('',#90,.T.) ;
#105=FACE_OUTER_BOUND('',#102,.T.) ;
#115=FACE_OUTER_BOUND('',#112,.T.) ;
#181=FACE_OUTER_BOUND('',#176,.T.) ;
#212=FACE_OUTER_BOUND('',#207,.T.) ;
#243=FACE_OUTER_BOUND('',#238,.T.) ;
#265=FACE_OUTER_BOUND('',#260,.T.) ;
#277=FACE_OUTER_BOUND('',#272,.T.) ;
#289=FACE_OUTER_BOUND('',#284,.T.) ;
#471=FACE_OUTER_BOUND('',#466,.T.) ;
#615=FACE_OUTER_BOUND('',#610,.T.) ;
#759=FACE_OUTER_BOUND('',#754,.T.) ;
#903=FACE_OUTER_BOUND('',#898,.T.) ;
#1047=FACE_OUTER_BOUND('',#1042,.T.) ;
#1191=FACE_OUTER_BOUND('',#1186,.T.) ;
#1335=FACE_OUTER_BOUND('',#1330,.T.) ;
#1479=FACE_OUTER_BOUND('',#1474,.T.) ;
#1593=FACE_OUTER_BOUND('',#1588,.T.) ;
#1699=FACE_OUTER_BOUND('',#1694,.T.) ;
#1805=FACE_OUTER_BOUND('',#1800,.T.) ;
#1911=FACE_OUTER_BOUND('',#1906,.T.) ;
#2017=FACE_OUTER_BOUND('',#2012,.T.) ;
#2123=FACE_OUTER_BOUND('',#2118,.T.) ;
#2229=FACE_OUTER_BOUND('',#2224,.T.) ;
#2335=FACE_OUTER_BOUND('',#2330,.T.) ;
#2345=FACE_OUTER_BOUND('',#2342,.T.) ;
#2355=FACE_OUTER_BOUND('',#2352,.T.) ;
#2381=GEOMETRICALLY_BOUNDED_SURFACE_SHAPE_REPRESENTATION('NONE',(#2382),#307) ;
#9=PRODUCT_CATEGORY_RELATIONSHIP(' ',' ',#7,#8) ;
#12=PRODUCT_CATEGORY_RELATIONSHIP(' ',' ',#10,#11) ;
#6=PRODUCT_DEFINITION_FORMATION_WITH_SPECIFIED_SOURCE('',' ',#5,.NOT_KNOWN.) ;
#27=PRODUCT_DEFINITION_FORMATION_WITH_SPECIFIED_SOURCE('',' ',#26,.NOT_KNOWN.) ;
#137=PRODUCT_DEFINITION_FORMATION_WITH_SPECIFIED_SOURCE('',' ',#136,.NOT_KNOWN.) ;
#311=PRODUCT_DEFINITION_FORMATION_WITH_SPECIFIED_SOURCE('',' ',#310,.NOT_KNOWN.) ;
#14=SHAPE_DEFINITION_REPRESENTATION(#16,#15) ;
#25=SHAPE_DEFINITION_REPRESENTATION(#29,#24) ;
#135=SHAPE_DEFINITION_REPRESENTATION(#139,#134) ;
#309=SHAPE_DEFINITION_REPRESENTATION(#313,#308) ;
#408=(BOUNDED_CURVE()B_SPLINE_CURVE(5,(#409,#410,#411,#412,#413,#414,#415,#416,#417,#418,#419,#420,#421,#422,#423),.UNSPECIFIED.,.F.,.U.)B_SPLINE_CURVE_WITH_KNOTS((6,3,3,3,6),(0.,29.9424076464,48.0854034659,66.6753988727,97.946936419),.UNSPECIFIED.)CURVE()GEOMETRIC_REPRESENTATION_ITEM()RATIONAL_B_SPLINE_CURVE((1.,1.,1.,1.,1.,1.,1.,1.,1.,1.,1.,1.,1.,1.,1.))REPRESENTATION_ITEM('')) ;
#429=(BOUNDED_CURVE()B_SPLINE_CURVE(5,(#430,#431,#432,#433,#434,#435),.UNSPECIFIED.,.F.,.U.)B_SPLINE_CURVE_WITH_KNOTS((6,6),(0.,7.22566310326),.UNSPECIFIED.)CURVE()GEOMETRIC_REPRESENTATION_ITEM()RATIONAL_B_SPLINE_CURVE((1.,0.2,0.2,0.2,0.2,1.))REPRESENTATION_ITEM('')) ;
#439=(BOUNDED_CURVE()B_SPLINE_CURVE(5,(#440,#441,#442,#443,#444,#445,#446,#447,#448,#449,#450,#451,#452,#453,#454),.UNSPECIFIED.,.F.,.U.)B_SPLINE_CURVE_WITH_KNOTS((6,3,3,3,6),(0.,29.9424076464,48.0854034659,66.6753988727,97.946936419),.UNSPECIFIED.)CURVE()GEOMETRIC_REPRESENTATION_ITEM()RATIONAL_B_SPLINE_CURVE((0.25,0.25,0.25,0.25,0.25,0.25,0.25,0.25,0.25,0.25,0.25,0.25,0.25,0.25,0.25))REPRESENTATION_ITEM('')) ;
#458=(BOUNDED_CURVE()B_SPLINE_CURVE(5,(#459,#460,#461,#462,#463,#464),.UNSPECIFIED.,.F.,.U.)B_SPLINE_CURVE_WITH_KNOTS((6,6),(0.,7.22566310326),.UNSPECIFIED.)CURVE()GEOMETRIC_REPRESENTATION_ITEM()RATIONAL_B_SPLINE_CURVE((1.,0.2,0.2,0.2,0.2,1.))REPRESENTATION_ITEM('')) ;
#564=(BOUNDED_CURVE()B_SPLINE_CURVE(5,(#565,#566,#567,#568,#569,#570,#571,#572,#573,#574,#575,#576,#577,#578,#579),.UNSPECIFIED.,.F.,.U.)B_SPLINE_CURVE_WITH_KNOTS((6,3,3,3,6),(0.,29.8908854047,47.1676114884,65.1652572985,97.6740410643),.UNSPECIFIED.)CURVE()GEOMETRIC_REPRESENTATION_ITEM()RATIONAL_B_SPLINE_CURVE((1.,1.,1.,1.,1.,1.,1.,1.,1.,1.,1.,1.,1.,1.,1.))REPRESENTATION_ITEM('')) ;
#583=(BOUNDED_CURVE()B_SPLINE_CURVE(5,(#584,#585,#586,#587,#588,#589,#590,#591,#592,#593,#594,#595,#596,#597,#598),.UNSPECIFIED.,.F.,.U.)B_SPLINE_CURVE_WITH_KNOTS((6,3,3,3,6),(0.,29.8908854047,47.1676114884,65.1652572985,97.6740410643),.UNSPECIFIED.)CURVE()GEOMETRIC_REPRESENTATION_ITEM()RATIONAL_B_SPLINE_CURVE((0.25,0.25,0.25,0.25,0.25,0.25,0.25,0.25,0.25,0.25,0.25,0.25,0.25,0.25,0.25))REPRESENTATION_ITEM('')) ;
#602=(BOUNDED_CURVE()B_SPLINE_CURVE(5,(#603,#604,#605,#606,#607,#608),.UNSPECIFIED.,.F.,.U.)B_SPLINE_CURVE_WITH_KNOTS((6,6),(0.,7.22566310326),.UNSPECIFIED.)CURVE()GEOMETRIC_REPRESENTATION_ITEM()RATIONAL_B_SPLINE_CURVE((1.,0.2,0.2,0.2,0.2,1.))REPRESENTATION_ITEM('')) ;
#708=(BOUNDED_CURVE()B_SPLINE_CURVE(5,(#709,#710,#711,#712,#713,#714,#715,#716,#717,#718,#719,#720,#721,#722,#723),.UNSPECIFIED.,.F.,.U.)B_SPLINE_CURVE_WITH_KNOTS((6,3,3,3,6),(0.,29.7582077112,47.7630800446,66.185501622,97.1427875855),.UNSPECIFIED.)CURVE()GEOMETRIC_REPRESENTATION_ITEM()RATIONAL_B_SPLINE_CURVE((1.,1.,1.,1.,1.,1.,1.,1.,1.,1.,1.,1.,1.,1.,1.))REPRESENTATION_ITEM('')) ;
#727=(BOUNDED_CURVE()B_SPLINE_CURVE(5,(#728,#729,#730,#731,#732,#733,#734,#735,#736,#737,#738,#739,#740,#741,#742),.UNSPECIFIED.,.F.,.U.)B_SPLINE_CURVE_WITH_KNOTS((6,3,3,3,6),(0.,29.7582077112,47.7630800446,66.185501622,97.1427875855),.UNSPECIFIED.)CURVE()GEOMETRIC_REPRESENTATION_ITEM()RATIONAL_B_SPLINE_CURVE((0.25,0.25,0.25,0.25,0.25,0.25,0.25,0.25,0.25,0.25,0.25,0.25,0.25,0.25,0.25))REPRESENTATION_ITEM('')) ;
#746=(BOUNDED_CURVE()B_SPLINE_CURVE(5,(#747,#748,#749,#750,#751,#752),.UNSPECIFIED.,.F.,.U.)B_SPLINE_CURVE_WITH_KNOTS((6,6),(0.,7.22566310326),.UNSPECIFIED.)CURVE()GEOMETRIC_REPRESENTATION_ITEM()RATIONAL_B_SPLINE_CURVE((1.,0.2,0.2,0.2,0.2,1.))REPRESENTATION_ITEM('')) ;
#852=(BOUNDED_CURVE()B_SPLINE_CURVE(5,(#853,#854,#855,#856,#857,#858,#859,#860,#861,#862,#863,#864,#865,#866,#867),.UNSPECIFIED.,.F.,.U.)B_SPLINE_CURVE_WITH_KNOTS((6,3,3,3,6),(0.,32.2484934616,50.6322368346,69.2582560204,96.4682716108),.UNSPECIFIED.)CURVE()GEOMETRIC_REPRESENTATION_ITEM()RATIONAL_B_SPLINE_CURVE((1.,1.,1.,1.,1.,1.,1.,1.,1.,1.,1.,1.,1.,1.,1.))REPRESENTATION_ITEM('')) ;
#871=(BOUNDED_CURVE()B_SPLINE_CURVE(5,(#872,#873,#874,#875,#876,#877,#878,#879,#880,#881,#882,#883,#884,#885,#886),.UNSPECIFIED.,.F.,.U.)B_SPLINE_CURVE_WITH_KNOTS((6,3,3,3,6),(0.,32.2484934616,50.6322368346,69.2582560204,96.4682716108),.UNSPECIFIED.)CURVE()GEOMETRIC_REPRESENTATION_ITEM()RATIONAL_B_SPLINE_CURVE((0.25,0.25,0.25,0.25,0.25,0.25,0.25,0.25,0.25,0.25,0.25,0.25,0.25,0.25,0.25))REPRESENTATION_ITEM('')) ;
#890=(BOUNDED_CURVE()B_SPLINE_CURVE(5,(#891,#892,#893,#894,#895,#896),.UNSPECIFIED.,.F.,.U.)B_SPLINE_CURVE_WITH_KNOTS((6,6),(0.,7.22566310326),.UNSPECIFIED.)CURVE()GEOMETRIC_REPRESENTATION_ITEM()RATIONAL_B_SPLINE_CURVE((1.,0.2,0.2,0.2,0.2,1.))REPRESENTATION_ITEM('')) ;
#996=(BOUNDED_CURVE()B_SPLINE_CURVE(5,(#997,#998,#999,#1000,#1001,#1002,#1003,#1004,#1005,#1006,#1007,#1008,#1009,#1010,#1011),.UNSPECIFIED.,.F.,.U.)B_SPLINE_CURVE_WITH_KNOTS((6,3,3,3,6),(0.,30.6968013614,48.7750701217,66.640889528,95.9011439091),.UNSPECIFIED.)CURVE()GEOMETRIC_REPRESENTATION_ITEM()RATIONAL_B_SPLINE_CURVE((1.,1.,1.,1.,1.,1.,1.,1.,1.,1.,1.,1.,1.,1.,1.))REPRESENTATION_ITEM('')) ;
#1015=(BOUNDED_CURVE()B_SPLINE_CURVE(5,(#1016,#1017,#1018,#1019,#1020,#1021,#1022,#1023,#1024,#1025,#1026,#1027,#1028,#1029,#1030),.UNSPECIFIED.,.F.,.U.)B_SPLINE_CURVE_WITH_KNOTS((6,3,3,3,6),(0.,30.6968013614,48.7750701217,66.640889528,95.9011439091),.UNSPECIFIED.)CURVE()GEOMETRIC_REPRESENTATION_ITEM()RATIONAL_B_SPLINE_CURVE((0.25,0.25,0.25,0.25,0.25,0.25,0.25,0.25,0.25,0.25,0.25,0.25,0.25,0.25,0.25))REPRESENTATION_ITEM('')) ;
#1034=(BOUNDED_CURVE()B_SPLINE_CURVE(5,(#1035,#1036,#1037,#1038,#1039,#1040),.UNSPECIFIED.,.F.,.U.)B_SPLINE_CURVE_WITH_KNOTS((6,6),(0.,7.22566310326),.UNSPECIFIED.)CURVE()GEOMETRIC_REPRESENTATION_ITEM()RATIONAL_B_SPLINE_CURVE((1.,0.2,0.2,0.2,0.2,1.))REPRESENTATION_ITEM('')) ;
#1140=(BOUNDED_CURVE()B_SPLINE_CURVE(5,(#1141,#1142,#1143,#1144,#1145,#1146,#1147,#1148,#1149,#1150,#1151,#1152,#1153,#1154,#1155),.UNSPECIFIED.,.F.,.U.)B_SPLINE_CURVE_WITH_KNOTS((6,3,3,3,6),(0.,26.5881467018,46.829772508,67.7691071161,95.6910420882),.UNSPECIFIED.)CURVE()GEOMETRIC_REPRESENTATION_ITEM()RATIONAL_B_SPLINE_CURVE((1.,1.,1.,1.,1.,1.,1.,1.,1.,1.,1.,1.,1.,1.,1.))REPRESENTATION_ITEM('')) ;
#1159=(BOUNDED_CURVE()B_SPLINE_CURVE(5,(#1160,#1161,#1162,#1163,#1164,#1165,#1166,#1167,#1168,#1169,#1170,#1171,#1172,#1173,#1174),.UNSPECIFIED.,.F.,.U.)B_SPLINE_CURVE_WITH_KNOTS((6,3,3,3,6),(0.,26.5881467018,46.829772508,67.7691071161,95.6910420882),.UNSPECIFIED.)CURVE()GEOMETRIC_REPRESENTATION_ITEM()RATIONAL_B_SPLINE_CURVE((0.25,0.25,0.25,0.25,0.25,0.25,0.25,0.25,0.25,0.25,0.25,0.25,0.25,0.25,0.25))REPRESENTATION_ITEM('')) ;
#1178=(BOUNDED_CURVE()B_SPLINE_CURVE(5,(#1179,#1180,#1181,#1182,#1183,#1184),.UNSPECIFIED.,.F.,.U.)B_SPLINE_CURVE_WITH_KNOTS((6,6),(0.,7.22566310326),.UNSPECIFIED.)CURVE()GEOMETRIC_REPRESENTATION_ITEM()RATIONAL_B_SPLINE_CURVE((1.,0.2,0.2,0.2,0.2,1.))REPRESENTATION_ITEM('')) ;
#1284=(BOUNDED_CURVE()B_SPLINE_CURVE(5,(#1285,#1286,#1287,#1288,#1289,#1290,#1291,#1292,#1293,#1294,#1295,#1296,#1297,#1298,#1299),.UNSPECIFIED.,.F.,.U.)B_SPLINE_CURVE_WITH_KNOTS((6,3,3,3,6),(0.,29.2731102139,47.0225832585,65.2409965253,95.9631811316),.UNSPECIFIED.)CURVE()GEOMETRIC_REPRESENTATION_ITEM()RATIONAL_B_SPLINE_CURVE((1.,1.,1.,1.,1.,1.,1.,1.,1.,1.,1.,1.,1.,1.,1.))REPRESENTATION_ITEM('')) ;
#1303=(BOUNDED_CURVE()B_SPLINE_CURVE(5,(#1304,#1305,#1306,#1307,#1308,#1309,#1310,#1311,#1312,#1313,#1314,#1315,#1316,#1317,#1318),.UNSPECIFIED.,.F.,.U.)B_SPLINE_CURVE_WITH_KNOTS((6,3,3,3,6),(0.,29.2731102139,47.0225832585,65.2409965253,95.9631811316),.UNSPECIFIED.)CURVE()GEOMETRIC_REPRESENTATION_ITEM()RATIONAL_B_SPLINE_CURVE((0.25,0.25,0.25,0.25,0.25,0.25,0.25,0.25,0.25,0.25,0.25,0.25,0.25,0.25,0.25))REPRESENTATION_ITEM('')) ;
#1322=(BOUNDED_CURVE()B_SPLINE_CURVE(5,(#1323,#1324,#1325,#1326,#1327,#1328),.UNSPECIFIED.,.F.,.U.)B_SPLINE_CURVE_WITH_KNOTS((6,6),(0.,7.22566310326),.UNSPECIFIED.)CURVE()GEOMETRIC_REPRESENTATION_ITEM()RATIONAL_B_SPLINE_CURVE((1.,0.2,0.2,0.2,0.2,1.))REPRESENTATION_ITEM('')) ;
#1428=(BOUNDED_CURVE()B_SPLINE_CURVE(5,(#1429,#1430,#1431,#1432,#1433,#1434,#1435,#1436,#1437,#1438,#1439,#1440,#1441,#1442,#1443),.UNSPECIFIED.,.F.,.U.)B_SPLINE_CURVE_WITH_KNOTS((6,3,3,3,6),(0.,28.0880193743,46.4550971755,64.2826965567,96.5628565372),.UNSPECIFIED.)CURVE()GEOMETRIC_REPRESENTATION_ITEM()RATIONAL_B_SPLINE_CURVE((1.,1.,1.,1.,1.,1.,1.,1.,1.,1.,1.,1.,1.,1.,1.))REPRESENTATION_ITEM('')) ;
#1447=(BOUNDED_CURVE()B_SPLINE_CURVE(5,(#1448,#1449,#1450,#1451,#1452,#1453,#1454,#1455,#1456,#1457,#1458,#1459,#1460,#1461,#1462),.UNSPECIFIED.,.F.,.U.)B_SPLINE_CURVE_WITH_KNOTS((6,3,3,3,6),(0.,28.0880193743,46.4550971755,64.2826965567,96.5628565372),.UNSPECIFIED.)CURVE()GEOMETRIC_REPRESENTATION_ITEM()RATIONAL_B_SPLINE_CURVE((0.25,0.25,0.25,0.25,0.25,0.25,0.25,0.25,0.25,0.25,0.25,0.25,0.25,0.25,0.25))REPRESENTATION_ITEM('')) ;
#1466=(BOUNDED_CURVE()B_SPLINE_CURVE(5,(#1467,#1468,#1469,#1470,#1471,#1472),.UNSPECIFIED.,.F.,.U.)B_SPLINE_CURVE_WITH_KNOTS((6,6),(0.,7.22566310326),.UNSPECIFIED.)CURVE()GEOMETRIC_REPRESENTATION_ITEM()RATIONAL_B_SPLINE_CURVE((1.,0.2,0.2,0.2,0.2,1.))REPRESENTATION_ITEM('')) ;
#1572=(BOUNDED_CURVE()B_SPLINE_CURVE(5,(#1573,#1574,#1575,#1576,#1577,#1578),.UNSPECIFIED.,.F.,.U.)B_SPLINE_CURVE_WITH_KNOTS((6,6),(0.,7.22566310326),.UNSPECIFIED.)CURVE()GEOMETRIC_REPRESENTATION_ITEM()RATIONAL_B_SPLINE_CURVE((1.,0.2,0.2,0.2,0.2,1.))REPRESENTATION_ITEM('')) ;
#1580=(BOUNDED_CURVE()B_SPLINE_CURVE(5,(#1581,#1582,#1583,#1584,#1585,#1586),.UNSPECIFIED.,.F.,.U.)B_SPLINE_CURVE_WITH_KNOTS((6,6),(0.,7.22566310326),.UNSPECIFIED.)CURVE()GEOMETRIC_REPRESENTATION_ITEM()RATIONAL_B_SPLINE_CURVE((1.,0.2,0.2,0.2,0.2,1.))REPRESENTATION_ITEM('')) ;
#1686=(BOUNDED_CURVE()B_SPLINE_CURVE(5,(#1687,#1688,#1689,#1690,#1691,#1692),.UNSPECIFIED.,.F.,.U.)B_SPLINE_CURVE_WITH_KNOTS((6,6),(0.,7.22566310326),.UNSPECIFIED.)CURVE()GEOMETRIC_REPRESENTATION_ITEM()RATIONAL_B_SPLINE_CURVE((1.,0.2,0.2,0.2,0.2,1.))REPRESENTATION_ITEM('')) ;
#1792=(BOUNDED_CURVE()B_SPLINE_CURVE(5,(#1793,#1794,#1795,#1796,#1797,#1798),.UNSPECIFIED.,.F.,.U.)B_SPLINE_CURVE_WITH_KNOTS((6,6),(0.,7.22566310326),.UNSPECIFIED.)CURVE()GEOMETRIC_REPRESENTATION_ITEM()RATIONAL_B_SPLINE_CURVE((1.,0.2,0.2,0.2,0.2,1.))REPRESENTATION_ITEM('')) ;
#1898=(BOUNDED_CURVE()B_SPLINE_CURVE(5,(#1899,#1900,#1901,#1902,#1903,#1904),.UNSPECIFIED.,.F.,.U.)B_SPLINE_CURVE_WITH_KNOTS((6,6),(0.,7.22566310326),.UNSPECIFIED.)CURVE()GEOMETRIC_REPRESENTATION_ITEM()RATIONAL_B_SPLINE_CURVE((1.,0.2,0.2,0.2,0.2,1.))REPRESENTATION_ITEM('')) ;
#2004=(BOUNDED_CURVE()B_SPLINE_CURVE(5,(#2005,#2006,#2007,#2008,#2009,#2010),.UNSPECIFIED.,.F.,.U.)B_SPLINE_CURVE_WITH_KNOTS((6,6),(0.,7.22566310326),.UNSPECIFIED.)CURVE()GEOMETRIC_REPRESENTATION_ITEM()RATIONAL_B_SPLINE_CURVE((1.,0.2,0.2,0.2,0.2,1.))REPRESENTATION_ITEM('')) ;
#2110=(BOUNDED_CURVE()B_SPLINE_CURVE(5,(#2111,#2112,#2113,#2114,#2115,#2116),.UNSPECIFIED.,.F.,.U.)B_SPLINE_CURVE_WITH_KNOTS((6,6),(0.,7.22566310326),.UNSPECIFIED.)CURVE()GEOMETRIC_REPRESENTATION_ITEM()RATIONAL_B_SPLINE_CURVE((1.,0.2,0.2,0.2,0.2,1.))REPRESENTATION_ITEM('')) ;
#2216=(BOUNDED_CURVE()B_SPLINE_CURVE(5,(#2217,#2218,#2219,#2220,#2221,#2222),.UNSPECIFIED.,.F.,.U.)B_SPLINE_CURVE_WITH_KNOTS((6,6),(0.,7.22566310326),.UNSPECIFIED.)CURVE()GEOMETRIC_REPRESENTATION_ITEM()RATIONAL_B_SPLINE_CURVE((1.,0.2,0.2,0.2,0.2,1.))REPRESENTATION_ITEM('')) ;
#2322=(BOUNDED_CURVE()B_SPLINE_CURVE(5,(#2323,#2324,#2325,#2326,#2327,#2328),.UNSPECIFIED.,.F.,.U.)B_SPLINE_CURVE_WITH_KNOTS((6,6),(0.,7.22566310326),.UNSPECIFIED.)CURVE()GEOMETRIC_REPRESENTATION_ITEM()RATIONAL_B_SPLINE_CURVE((1.,0.2,0.2,0.2,0.2,1.))REPRESENTATION_ITEM('')) ;
#317=(BOUNDED_SURFACE()B_SPLINE_SURFACE(5,5,((#318,#319,#320,#321,#322,#323),(#324,#325,#326,#327,#328,#329),(#330,#331,#332,#333,#334,#335),(#336,#337,#338,#339,#340,#341),(#342,#343,#344,#345,#346,#347),(#348,#349,#350,#351,#352,#353),(#354,#355,#356,#357,#358,#359),(#360,#361,#362,#363,#364,#365),(#366,#367,#368,#369,#370,#371),(#372,#373,#374,#375,#376,#377),(#378,#379,#380,#381,#382,#383),(#384,#385,#386,#387,#388,#389),(#390,#391,#392,#393,#394,#395),(#396,#397,#398,#399,#400,#401),(#402,#403,#404,#405,#406,#407)),.UNSPECIFIED.,.F.,.F.,.U.)B_SPLINE_SURFACE_WITH_KNOTS((6,3,3,3,6),(6,6),(0.,29.9424076464,48.0854034659,66.6753988727,97.946936419),(0.,7.22566310326),.UNSPECIFIED.)GEOMETRIC_REPRESENTATION_ITEM()RATIONAL_B_SPLINE_SURFACE(((1.,0.2,0.2,0.2,0.2,1.),(1.,0.2,0.2,0.2,0.2,1.),(1.,0.2,0.2,0.2,0.2,1.),(1.,0.2,0.2,0.2,0.2,1.),(1.,0.2,0.2,0.2,0.2,1.),(1.,0.2,0.2,0.2,0.2,1.),(1.,0.2,0.2,0.2,0.2,1.),(1.,0.2,0.2,0.2,0.2,1.),(1.,0.2,0.2,0.2,0.2,1.),(1.,0.2,0.2,0.2,0.2,1.),(1.,0.2,0.2,0.2,0.2,1.),(1.,0.2,0.2,0.2,0.2,1.),(1.,0.2,0.2,0.2,0.2,1.),(1.,0.2,0.2,0.2,0.2,1.),(1.,0.2,0.2,0.2,0.2,1.)))REPRESENTATION_ITEM('Rational BSpline Surface')SURFACE()) ;
#473=(BOUNDED_SURFACE()B_SPLINE_SURFACE(5,5,((#474,#475,#476,#477,#478,#479),(#480,#481,#482,#483,#484,#485),(#486,#487,#488,#489,#490,#491),(#492,#493,#494,#495,#496,#497),(#498,#499,#500,#501,#502,#503),(#504,#505,#506,#507,#508,#509),(#510,#511,#512,#513,#514,#515),(#516,#517,#518,#519,#520,#521),(#522,#523,#524,#525,#526,#527),(#528,#529,#530,#531,#532,#533),(#534,#535,#536,#537,#538,#539),(#540,#541,#542,#543,#544,#545),(#546,#547,#548,#549,#550,#551),(#552,#553,#554,#555,#556,#557),(#558,#559,#560,#561,#562,#563)),.UNSPECIFIED.,.F.,.F.,.U.)B_SPLINE_SURFACE_WITH_KNOTS((6,3,3,3,6),(6,6),(0.,29.8908854047,47.1676114884,65.1652572985,97.6740410643),(0.,7.22566310326),.UNSPECIFIED.)GEOMETRIC_REPRESENTATION_ITEM()RATIONAL_B_SPLINE_SURFACE(((1.,0.2,0.2,0.2,0.2,1.),(1.,0.2,0.2,0.2,0.2,1.),(1.,0.2,0.2,0.2,0.2,1.),(1.,0.2,0.2,0.2,0.2,1.),(1.,0.2,0.2,0.2,0.2,1.),(1.,0.2,0.2,0.2,0.2,1.),(1.,0.2,0.2,0.2,0.2,1.),(1.,0.2,0.2,0.2,0.2,1.),(1.,0.2,0.2,0.2,0.2,1.),(1.,0.2,0.2,0.2,0.2,1.),(1.,0.2,0.2,0.2,0.2,1.),(1.,0.2,0.2,0.2,0.2,1.),(1.,0.2,0.2,0.2,0.2,1.),(1.,0.2,0.2,0.2,0.2,1.),(1.,0.2,0.2,0.2,0.2,1.)))REPRESENTATION_ITEM('Rational BSpline Surface')SURFACE()) ;
#617=(BOUNDED_SURFACE()B_SPLINE_SURFACE(5,5,((#618,#619,#620,#621,#622,#623),(#624,#625,#626,#627,#628,#629),(#630,#631,#632,#633,#634,#635),(#636,#637,#638,#639,#640,#641),(#642,#643,#644,#645,#646,#647),(#648,#649,#650,#651,#652,#653),(#654,#655,#656,#657,#658,#659),(#660,#661,#662,#663,#664,#665),(#666,#667,#668,#669,#670,#671),(#672,#673,#674,#675,#676,#677),(#678,#679,#680,#681,#682,#683),(#684,#685,#686,#687,#688,#689),(#690,#691,#692,#693,#694,#695),(#696,#697,#698,#699,#700,#701),(#702,#703,#704,#705,#706,#707)),.UNSPECIFIED.,.F.,.F.,.U.)B_SPLINE_SURFACE_WITH_KNOTS((6,3,3,3,6),(6,6),(0.,29.7582077112,47.7630800446,66.185501622,97.1427875855),(0.,7.22566310326),.UNSPECIFIED.)GEOMETRIC_REPRESENTATION_ITEM()RATIONAL_B_SPLINE_SURFACE(((1.,0.2,0.2,0.2,0.2,1.),(1.,0.2,0.2,0.2,0.2,1.),(1.,0.2,0.2,0.2,0.2,1.),(1.,0.2,0.2,0.2,0.2,1.),(1.,0.2,0.2,0.2,0.2,1.),(1.,0.2,0.2,0.2,0.2,1.),(1.,0.2,0.2,0.2,0.2,1.),(1.,0.2,0.2,0.2,0.2,1.),(1.,0.2,0.2,0.2,0.2,1.),(1.,0.2,0.2,0.2,0.2,1.),(1.,0.2,0.2,0.2,0.2,1.),(1.,0.2,0.2,0.2,0.2,1.),(1.,0.2,0.2,0.2,0.2,1.),(1.,0.2,0.2,0.2,0.2,1.),(1.,0.2,0.2,0.2,0.2,1.)))REPRESENTATION_ITEM('Rational BSpline Surface')SURFACE()) ;
#761=(BOUNDED_SURFACE()B_SPLINE_SURFACE(5,5,((#762,#763,#764,#765,#766,#767),(#768,#769,#770,#771,#772,#773),(#774,#775,#776,#777,#778,#779),(#780,#781,#782,#783,#784,#785),(#786,#787,#788,#789,#790,#791),(#792,#793,#794,#795,#796,#797),(#798,#799,#800,#801,#802,#803),(#804,#805,#806,#807,#808,#809),(#810,#811,#812,#813,#814,#815),(#816,#817,#818,#819,#820,#821),(#822,#823,#824,#825,#826,#827),(#828,#829,#830,#831,#832,#833),(#834,#835,#836,#837,#838,#839),(#840,#841,#842,#843,#844,#845),(#846,#847,#848,#849,#850,#851)),.UNSPECIFIED.,.F.,.F.,.U.)B_SPLINE_SURFACE_WITH_KNOTS((6,3,3,3,6),(6,6),(0.,32.2484934616,50.6322368346,69.2582560204,96.4682716108),(0.,7.22566310326),.UNSPECIFIED.)GEOMETRIC_REPRESENTATION_ITEM()RATIONAL_B_SPLINE_SURFACE(((1.,0.2,0.2,0.2,0.2,1.),(1.,0.2,0.2,0.2,0.2,1.),(1.,0.2,0.2,0.2,0.2,1.),(1.,0.2,0.2,0.2,0.2,1.),(1.,0.2,0.2,0.2,0.2,1.),(1.,0.2,0.2,0.2,0.2,1.),(1.,0.2,0.2,0.2,0.2,1.),(1.,0.2,0.2,0.2,0.2,1.),(1.,0.2,0.2,0.2,0.2,1.),(1.,0.2,0.2,0.2,0.2,1.),(1.,0.2,0.2,0.2,0.2,1.),(1.,0.2,0.2,0.2,0.2,1.),(1.,0.2,0.2,0.2,0.2,1.),(1.,0.2,0.2,0.2,0.2,1.),(1.,0.2,0.2,0.2,0.2,1.)))REPRESENTATION_ITEM('Rational BSpline Surface')SURFACE()) ;
#905=(BOUNDED_SURFACE()B_SPLINE_SURFACE(5,5,((#906,#907,#908,#909,#910,#911),(#912,#913,#914,#915,#916,#917),(#918,#919,#920,#921,#922,#923),(#924,#925,#926,#927,#928,#929),(#930,#931,#932,#933,#934,#935),(#936,#937,#938,#939,#940,#941),(#942,#943,#944,#945,#946,#947),(#948,#949,#950,#951,#952,#953),(#954,#955,#956,#957,#958,#959),(#960,#961,#962,#963,#964,#965),(#966,#967,#968,#969,#970,#971),(#972,#973,#974,#975,#976,#977),(#978,#979,#980,#981,#982,#983),(#984,#985,#986,#987,#988,#989),(#990,#991,#992,#993,#994,#995)),.UNSPECIFIED.,.F.,.F.,.U.)B_SPLINE_SURFACE_WITH_KNOTS((6,3,3,3,6),(6,6),(0.,30.6968013614,48.7750701217,66.640889528,95.9011439091),(0.,7.22566310326),.UNSPECIFIED.)GEOMETRIC_REPRESENTATION_ITEM()RATIONAL_B_SPLINE_SURFACE(((1.,0.2,0.2,0.2,0.2,1.),(1.,0.2,0.2,0.2,0.2,1.),(1.,0.2,0.2,0.2,0.2,1.),(1.,0.2,0.2,0.2,0.2,1.),(1.,0.2,0.2,0.2,0.2,1.),(1.,0.2,0.2,0.2,0.2,1.),(1.,0.2,0.2,0.2,0.2,1.),(1.,0.2,0.2,0.2,0.2,1.),(1.,0.2,0.2,0.2,0.2,1.),(1.,0.2,0.2,0.2,0.2,1.),(1.,0.2,0.2,0.2,0.2,1.),(1.,0.2,0.2,0.2,0.2,1.),(1.,0.2,0.2,0.2,0.2,1.),(1.,0.2,0.2,0.2,0.2,1.),(1.,0.2,0.2,0.2,0.2,1.)))REPRESENTATION_ITEM('Rational BSpline Surface')SURFACE()) ;
#1049=(BOUNDED_SURFACE()B_SPLINE_SURFACE(5,5,((#1050,#1051,#1052,#1053,#1054,#1055),(#1056,#1057,#1058,#1059,#1060,#1061),(#1062,#1063,#1064,#1065,#1066,#1067),(#1068,#1069,#1070,#1071,#1072,#1073),(#1074,#1075,#1076,#1077,#1078,#1079),(#1080,#1081,#1082,#1083,#1084,#1085),(#1086,#1087,#1088,#1089,#1090,#1091),(#1092,#1093,#1094,#1095,#1096,#1097),(#1098,#1099,#1100,#1101,#1102,#1103),(#1104,#1105,#1106,#1107,#1108,#1109),(#1110,#1111,#1112,#1113,#1114,#1115),(#1116,#1117,#1118,#1119,#1120,#1121),(#1122,#1123,#1124,#1125,#1126,#1127),(#1128,#1129,#1130,#1131,#1132,#1133),(#1134,#1135,#1136,#1137,#1138,#1139)),.UNSPECIFIED.,.F.,.F.,.U.)B_SPLINE_SURFACE_WITH_KNOTS((6,3,3,3,6),(6,6),(0.,26.5881467018,46.829772508,67.7691071161,95.6910420882),(0.,7.22566310326),.UNSPECIFIED.)GEOMETRIC_REPRESENTATION_ITEM()RATIONAL_B_SPLINE_SURFACE(((1.,0.2,0.2,0.2,0.2,1.),(1.,0.2,0.2,0.2,0.2,1.),(1.,0.2,0.2,0.2,0.2,1.),(1.,0.2,0.2,0.2,0.2,1.),(1.,0.2,0.2,0.2,0.2,1.),(1.,0.2,0.2,0.2,0.2,1.),(1.,0.2,0.2,0.2,0.2,1.),(1.,0.2,0.2,0.2,0.2,1.),(1.,0.2,0.2,0.2,0.2,1.),(1.,0.2,0.2,0.2,0.2,1.),(1.,0.2,0.2,0.2,0.2,1.),(1.,0.2,0.2,0.2,0.2,1.),(1.,0.2,0.2,0.2,0.2,1.),(1.,0.2,0.2,0.2,0.2,1.),(1.,0.2,0.2,0.2,0.2,1.)))REPRESENTATION_ITEM('Rational BSpline Surface')SURFACE()) ;
#1193=(BOUNDED_SURFACE()B_SPLINE_SURFACE(5,5,((#1194,#1195,#1196,#1197,#1198,#1199),(#1200,#1201,#1202,#1203,#1204,#1205),(#1206,#1207,#1208,#1209,#1210,#1211),(#1212,#1213,#1214,#1215,#1216,#1217),(#1218,#1219,#1220,#1221,#1222,#1223),(#1224,#1225,#1226,#1227,#1228,#1229),(#1230,#1231,#1232,#1233,#1234,#1235),(#1236,#1237,#1238,#1239,#1240,#1241),(#1242,#1243,#1244,#1245,#1246,#1247),(#1248,#1249,#1250,#1251,#1252,#1253),(#1254,#1255,#1256,#1257,#1258,#1259),(#1260,#1261,#1262,#1263,#1264,#1265),(#1266,#1267,#1268,#1269,#1270,#1271),(#1272,#1273,#1274,#1275,#1276,#1277),(#1278,#1279,#1280,#1281,#1282,#1283)),.UNSPECIFIED.,.F.,.F.,.U.)B_SPLINE_SURFACE_WITH_KNOTS((6,3,3,3,6),(6,6),(0.,29.2731102139,47.0225832585,65.2409965253,95.9631811316),(0.,7.22566310326),.UNSPECIFIED.)GEOMETRIC_REPRESENTATION_ITEM()RATIONAL_B_SPLINE_SURFACE(((1.,0.2,0.2,0.2,0.2,1.),(1.,0.2,0.2,0.2,0.2,1.),(1.,0.2,0.2,0.2,0.2,1.),(1.,0.2,0.2,0.2,0.2,1.),(1.,0.2,0.2,0.2,0.2,1.),(1.,0.2,0.2,0.2,0.2,1.),(1.,0.2,0.2,0.2,0.2,1.),(1.,0.2,0.2,0.2,0.2,1.),(1.,0.2,0.2,0.2,0.2,1.),(1.,0.2,0.2,0.2,0.2,1.),(1.,0.2,0.2,0.2,0.2,1.),(1.,0.2,0.2,0.2,0.2,1.),(1.,0.2,0.2,0.2,0.2,1.),(1.,0.2,0.2,0.2,0.2,1.),(1.,0.2,0.2,0.2,0.2,1.)))REPRESENTATION_ITEM('Rational BSpline Surface')SURFACE()) ;
#1337=(BOUNDED_SURFACE()B_SPLINE_SURFACE(5,5,((#1338,#1339,#1340,#1341,#1342,#1343),(#1344,#1345,#1346,#1347,#1348,#1349),(#1350,#1351,#1352,#1353,#1354,#1355),(#1356,#1357,#1358,#1359,#1360,#1361),(#1362,#1363,#1364,#1365,#1366,#1367),(#1368,#1369,#1370,#1371,#1372,#1373),(#1374,#1375,#1376,#1377,#1378,#1379),(#1380,#1381,#1382,#1383,#1384,#1385),(#1386,#1387,#1388,#1389,#1390,#1391),(#1392,#1393,#1394,#1395,#1396,#1397),(#1398,#1399,#1400,#1401,#1402,#1403),(#1404,#1405,#1406,#1407,#1408,#1409),(#1410,#1411,#1412,#1413,#1414,#1415),(#1416,#1417,#1418,#1419,#1420,#1421),(#1422,#1423,#1424,#1425,#1426,#1427)),.UNSPECIFIED.,.F.,.F.,.U.)B_SPLINE_SURFACE_WITH_KNOTS((6,3,3,3,6),(6,6),(0.,28.0880193743,46.4550971755,64.2826965567,96.5628565372),(0.,7.22566310326),.UNSPECIFIED.)GEOMETRIC_REPRESENTATION_ITEM()RATIONAL_B_SPLINE_SURFACE(((1.,0.2,0.2,0.2,0.2,1.),(1.,0.2,0.2,0.2,0.2,1.),(1.,0.2,0.2,0.2,0.2,1.),(1.,0.2,0.2,0.2,0.2,1.),(1.,0.2,0.2,0.2,0.2,1.),(1.,0.2,0.2,0.2,0.2,1.),(1.,0.2,0.2,0.2,0.2,1.),(1.,0.2,0.2,0.2,0.2,1.),(1.,0.2,0.2,0.2,0.2,1.),(1.,0.2,0.2,0.2,0.2,1.),(1.,0.2,0.2,0.2,0.2,1.),(1.,0.2,0.2,0.2,0.2,1.),(1.,0.2,0.2,0.2,0.2,1.),(1.,0.2,0.2,0.2,0.2,1.),(1.,0.2,0.2,0.2,0.2,1.)))REPRESENTATION_ITEM('Rational BSpline Surface')SURFACE()) ;
#1481=(BOUNDED_SURFACE()B_SPLINE_SURFACE(5,5,((#1482,#1483,#1484,#1485,#1486,#1487),(#1488,#1489,#1490,#1491,#1492,#1493),(#1494,#1495,#1496,#1497,#1498,#1499),(#1500,#1501,#1502,#1503,#1504,#1505),(#1506,#1507,#1508,#1509,#1510,#1511),(#1512,#1513,#1514,#1515,#1516,#1517),(#1518,#1519,#1520,#1521,#1522,#1523),(#1524,#1525,#1526,#1527,#1528,#1529),(#1530,#1531,#1532,#1533,#1534,#1535),(#1536,#1537,#1538,#1539,#1540,#1541),(#1542,#1543,#1544,#1545,#1546,#1547),(#1548,#1549,#1550,#1551,#1552,#1553),(#1554,#1555,#1556,#1557,#1558,#1559),(#1560,#1561,#1562,#1563,#1564,#1565),(#1566,#1567,#1568,#1569,#1570,#1571)),.UNSPECIFIED.,.F.,.F.,.U.)B_SPLINE_SURFACE_WITH_KNOTS((6,3,3,3,6),(6,6),(0.,29.9424076464,48.0854034659,66.6753988727,97.946936419),(0.,7.22566310326),.UNSPECIFIED.)GEOMETRIC_REPRESENTATION_ITEM()RATIONAL_B_SPLINE_SURFACE(((1.,0.2,0.2,0.2,0.2,1.),(1.,0.2,0.2,0.2,0.2,1.),(1.,0.2,0.2,0.2,0.2,1.),(1.,0.2,0.2,0.2,0.2,1.),(1.,0.2,0.2,0.2,0.2,1.),(1.,0.2,0.2,0.2,0.2,1.),(1.,0.2,0.2,0.2,0.2,1.),(1.,0.2,0.2,0.2,0.2,1.),(1.,0.2,0.2,0.2,0.2,1.),(1.,0.2,0.2,0.2,0.2,1.),(1.,0.2,0.2,0.2,0.2,1.),(1.,0.2,0.2,0.2,0.2,1.),(1.,0.2,0.2,0.2,0.2,1.),(1.,0.2,0.2,0.2,0.2,1.),(1.,0.2,0.2,0.2,0.2,1.)))REPRESENTATION_ITEM('Rational BSpline Surface')SURFACE()) ;
#1595=(BOUNDED_SURFACE()B_SPLINE_SURFACE(5,5,((#1596,#1597,#1598,#1599,#1600,#1601),(#1602,#1603,#1604,#1605,#1606,#1607),(#1608,#1609,#1610,#1611,#1612,#1613),(#1614,#1615,#1616,#1617,#1618,#1619),(#1620,#1621,#1622,#1623,#1624,#1625),(#1626,#1627,#1628,#1629,#1630,#1631),(#1632,#1633,#1634,#1635,#1636,#1637),(#1638,#1639,#1640,#1641,#1642,#1643),(#1644,#1645,#1646,#1647,#1648,#1649),(#1650,#1651,#1652,#1653,#1654,#1655),(#1656,#1657,#1658,#1659,#1660,#1661),(#1662,#1663,#1664,#1665,#1666,#1667),(#1668,#1669,#1670,#1671,#1672,#1673),(#1674,#1675,#1676,#1677,#1678,#1679),(#1680,#1681,#1682,#1683,#1684,#1685)),.UNSPECIFIED.,.F.,.F.,.U.)B_SPLINE_SURFACE_WITH_KNOTS((6,3,3,3,6),(6,6),(0.,29.8908854047,47.1676114884,65.1652572985,97.6740410643),(0.,7.22566310326),.UNSPECIFIED.)GEOMETRIC_REPRESENTATION_ITEM()RATIONAL_B_SPLINE_SURFACE(((1.,0.2,0.2,0.2,0.2,1.),(1.,0.2,0.2,0.2,0.2,1.),(1.,0.2,0.2,0.2,0.2,1.),(1.,0.2,0.2,0.2,0.2,1.),(1.,0.2,0.2,0.2,0.2,1.),(1.,0.2,0.2,0.2,0.2,1.),(1.,0.2,0.2,0.2,0.2,1.),(1.,0.2,0.2,0.2,0.2,1.),(1.,0.2,0.2,0.2,0.2,1.),(1.,0.2,0.2,0.2,0.2,1.),(1.,0.2,0.2,0.2,0.2,1.),(1.,0.2,0.2,0.2,0.2,1.),(1.,0.2,0.2,0.2,0.2,1.),(1.,0.2,0.2,0.2,0.2,1.),(1.,0.2,0.2,0.2,0.2,1.)))REPRESENTATION_ITEM('Rational BSpline Surface')SURFACE()) ;
#1701=(BOUNDED_SURFACE()B_SPLINE_SURFACE(5,5,((#1702,#1703,#1704,#1705,#1706,#1707),(#1708,#1709,#1710,#1711,#1712,#1713),(#1714,#1715,#1716,#1717,#1718,#1719),(#1720,#1721,#1722,#1723,#1724,#1725),(#1726,#1727,#1728,#1729,#1730,#1731),(#1732,#1733,#1734,#1735,#1736,#1737),(#1738,#1739,#1740,#1741,#1742,#1743),(#1744,#1745,#1746,#1747,#1748,#1749),(#1750,#1751,#1752,#1753,#1754,#1755),(#1756,#1757,#1758,#1759,#1760,#1761),(#1762,#1763,#1764,#1765,#1766,#1767),(#1768,#1769,#1770,#1771,#1772,#1773),(#1774,#1775,#1776,#1777,#1778,#1779),(#1780,#1781,#1782,#1783,#1784,#1785),(#1786,#1787,#1788,#1789,#1790,#1791)),.UNSPECIFIED.,.F.,.F.,.U.)B_SPLINE_SURFACE_WITH_KNOTS((6,3,3,3,6),(6,6),(0.,29.7582077112,47.7630800446,66.185501622,97.1427875855),(0.,7.22566310326),.UNSPECIFIED.)GEOMETRIC_REPRESENTATION_ITEM()RATIONAL_B_SPLINE_SURFACE(((1.,0.2,0.2,0.2,0.2,1.),(1.,0.2,0.2,0.2,0.2,1.),(1.,0.2,0.2,0.2,0.2,1.),(1.,0.2,0.2,0.2,0.2,1.),(1.,0.2,0.2,0.2,0.2,1.),(1.,0.2,0.2,0.2,0.2,1.),(1.,0.2,0.2,0.2,0.2,1.),(1.,0.2,0.2,0.2,0.2,1.),(1.,0.2,0.2,0.2,0.2,1.),(1.,0.2,0.2,0.2,0.2,1.),(1.,0.2,0.2,0.2,0.2,1.),(1.,0.2,0.2,0.2,0.2,1.),(1.,0.2,0.2,0.2,0.2,1.),(1.,0.2,0.2,0.2,0.2,1.),(1.,0.2,0.2,0.2,0.2,1.)))REPRESENTATION_ITEM('Rational BSpline Surface')SURFACE()) ;
#1807=(BOUNDED_SURFACE()B_SPLINE_SURFACE(5,5,((#1808,#1809,#1810,#1811,#1812,#1813),(#1814,#1815,#1816,#1817,#1818,#1819),(#1820,#1821,#1822,#1823,#1824,#1825),(#1826,#1827,#1828,#1829,#1830,#1831),(#1832,#1833,#1834,#1835,#1836,#1837),(#1838,#1839,#1840,#1841,#1842,#1843),(#1844,#1845,#1846,#1847,#1848,#1849),(#1850,#1851,#1852,#1853,#1854,#1855),(#1856,#1857,#1858,#1859,#1860,#1861),(#1862,#1863,#1864,#1865,#1866,#1867),(#1868,#1869,#1870,#1871,#1872,#1873),(#1874,#1875,#1876,#1877,#1878,#1879),(#1880,#1881,#1882,#1883,#1884,#1885),(#1886,#1887,#1888,#1889,#1890,#1891),(#1892,#1893,#1894,#1895,#1896,#1897)),.UNSPECIFIED.,.F.,.F.,.U.)B_SPLINE_SURFACE_WITH_KNOTS((6,3,3,3,6),(6,6),(0.,32.2484934616,50.6322368346,69.2582560204,96.4682716108),(0.,7.22566310326),.UNSPECIFIED.)GEOMETRIC_REPRESENTATION_ITEM()RATIONAL_B_SPLINE_SURFACE(((1.,0.2,0.2,0.2,0.2,1.),(1.,0.2,0.2,0.2,0.2,1.),(1.,0.2,0.2,0.2,0.2,1.),(1.,0.2,0.2,0.2,0.2,1.),(1.,0.2,0.2,0.2,0.2,1.),(1.,0.2,0.2,0.2,0.2,1.),(1.,0.2,0.2,0.2,0.2,1.),(1.,0.2,0.2,0.2,0.2,1.),(1.,0.2,0.2,0.2,0.2,1.),(1.,0.2,0.2,0.2,0.2,1.),(1.,0.2,0.2,0.2,0.2,1.),(1.,0.2,0.2,0.2,0.2,1.),(1.,0.2,0.2,0.2,0.2,1.),(1.,0.2,0.2,0.2,0.2,1.),(1.,0.2,0.2,0.2,0.2,1.)))REPRESENTATION_ITEM('Rational BSpline Surface')SURFACE()) ;
#1913=(BOUNDED_SURFACE()B_SPLINE_SURFACE(5,5,((#1914,#1915,#1916,#1917,#1918,#1919),(#1920,#1921,#1922,#1923,#1924,#1925),(#1926,#1927,#1928,#1929,#1930,#1931),(#1932,#1933,#1934,#1935,#1936,#1937),(#1938,#1939,#1940,#1941,#1942,#1943),(#1944,#1945,#1946,#1947,#1948,#1949),(#1950,#1951,#1952,#1953,#1954,#1955),(#1956,#1957,#1958,#1959,#1960,#1961),(#1962,#1963,#1964,#1965,#1966,#1967),(#1968,#1969,#1970,#1971,#1972,#1973),(#1974,#1975,#1976,#1977,#1978,#1979),(#1980,#1981,#1982,#1983,#1984,#1985),(#1986,#1987,#1988,#1989,#1990,#1991),(#1992,#1993,#1994,#1995,#1996,#1997),(#1998,#1999,#2000,#2001,#2002,#2003)),.UNSPECIFIED.,.F.,.F.,.U.)B_SPLINE_SURFACE_WITH_KNOTS((6,3,3,3,6),(6,6),(0.,30.6968013614,48.7750701217,66.640889528,95.9011439091),(0.,7.22566310326),.UNSPECIFIED.)GEOMETRIC_REPRESENTATION_ITEM()RATIONAL_B_SPLINE_SURFACE(((1.,0.2,0.2,0.2,0.2,1.),(1.,0.2,0.2,0.2,0.2,1.),(1.,0.2,0.2,0.2,0.2,1.),(1.,0.2,0.2,0.2,0.2,1.),(1.,0.2,0.2,0.2,0.2,1.),(1.,0.2,0.2,0.2,0.2,1.),(1.,0.2,0.2,0.2,0.2,1.),(1.,0.2,0.2,0.2,0.2,1.),(1.,0.2,0.2,0.2,0.2,1.),(1.,0.2,0.2,0.2,0.2,1.),(1.,0.2,0.2,0.2,0.2,1.),(1.,0.2,0.2,0.2,0.2,1.),(1.,0.2,0.2,0.2,0.2,1.),(1.,0.2,0.2,0.2,0.2,1.),(1.,0.2,0.2,0.2,0.2,1.)))REPRESENTATION_ITEM('Rational BSpline Surface')SURFACE()) ;
#2019=(BOUNDED_SURFACE()B_SPLINE_SURFACE(5,5,((#2020,#2021,#2022,#2023,#2024,#2025),(#2026,#2027,#2028,#2029,#2030,#2031),(#2032,#2033,#2034,#2035,#2036,#2037),(#2038,#2039,#2040,#2041,#2042,#2043),(#2044,#2045,#2046,#2047,#2048,#2049),(#2050,#2051,#2052,#2053,#2054,#2055),(#2056,#2057,#2058,#2059,#2060,#2061),(#2062,#2063,#2064,#2065,#2066,#2067),(#2068,#2069,#2070,#2071,#2072,#2073),(#2074,#2075,#2076,#2077,#2078,#2079),(#2080,#2081,#2082,#2083,#2084,#2085),(#2086,#2087,#2088,#2089,#2090,#2091),(#2092,#2093,#2094,#2095,#2096,#2097),(#2098,#2099,#2100,#2101,#2102,#2103),(#2104,#2105,#2106,#2107,#2108,#2109)),.UNSPECIFIED.,.F.,.F.,.U.)B_SPLINE_SURFACE_WITH_KNOTS((6,3,3,3,6),(6,6),(0.,26.5881467018,46.829772508,67.7691071161,95.6910420882),(0.,7.22566310326),.UNSPECIFIED.)GEOMETRIC_REPRESENTATION_ITEM()RATIONAL_B_SPLINE_SURFACE(((1.,0.2,0.2,0.2,0.2,1.),(1.,0.2,0.2,0.2,0.2,1.),(1.,0.2,0.2,0.2,0.2,1.),(1.,0.2,0.2,0.2,0.2,1.),(1.,0.2,0.2,0.2,0.2,1.),(1.,0.2,0.2,0.2,0.2,1.),(1.,0.2,0.2,0.2,0.2,1.),(1.,0.2,0.2,0.2,0.2,1.),(1.,0.2,0.2,0.2,0.2,1.),(1.,0.2,0.2,0.2,0.2,1.),(1.,0.2,0.2,0.2,0.2,1.),(1.,0.2,0.2,0.2,0.2,1.),(1.,0.2,0.2,0.2,0.2,1.),(1.,0.2,0.2,0.2,0.2,1.),(1.,0.2,0.2,0.2,0.2,1.)))REPRESENTATION_ITEM('Rational BSpline Surface')SURFACE()) ;
#2125=(BOUNDED_SURFACE()B_SPLINE_SURFACE(5,5,((#2126,#2127,#2128,#2129,#2130,#2131),(#2132,#2133,#2134,#2135,#2136,#2137),(#2138,#2139,#2140,#2141,#2142,#2143),(#2144,#2145,#2146,#2147,#2148,#2149),(#2150,#2151,#2152,#2153,#2154,#2155),(#2156,#2157,#2158,#2159,#2160,#2161),(#2162,#2163,#2164,#2165,#2166,#2167),(#2168,#2169,#2170,#2171,#2172,#2173),(#2174,#2175,#2176,#2177,#2178,#2179),(#2180,#2181,#2182,#2183,#2184,#2185),(#2186,#2187,#2188,#2189,#2190,#2191),(#2192,#2193,#2194,#2195,#2196,#2197),(#2198,#2199,#2200,#2201,#2202,#2203),(#2204,#2205,#2206,#2207,#2208,#2209),(#2210,#2211,#2212,#2213,#2214,#2215)),.UNSPECIFIED.,.F.,.F.,.U.)B_SPLINE_SURFACE_WITH_KNOTS((6,3,3,3,6),(6,6),(0.,29.2731102139,47.0225832585,65.2409965253,95.9631811316),(0.,7.22566310326),.UNSPECIFIED.)GEOMETRIC_REPRESENTATION_ITEM()RATIONAL_B_SPLINE_SURFACE(((1.,0.2,0.2,0.2,0.2,1.),(1.,0.2,0.2,0.2,0.2,1.),(1.,0.2,0.2,0.2,0.2,1.),(1.,0.2,0.2,0.2,0.2,1.),(1.,0.2,0.2,0.2,0.2,1.),(1.,0.2,0.2,0.2,0.2,1.),(1.,0.2,0.2,0.2,0.2,1.),(1.,0.2,0.2,0.2,0.2,1.),(1.,0.2,0.2,0.2,0.2,1.),(1.,0.2,0.2,0.2,0.2,1.),(1.,0.2,0.2,0.2,0.2,1.),(1.,0.2,0.2,0.2,0.2,1.),(1.,0.2,0.2,0.2,0.2,1.),(1.,0.2,0.2,0.2,0.2,1.),(1.,0.2,0.2,0.2,0.2,1.)))REPRESENTATION_ITEM('Rational BSpline Surface')SURFACE()) ;
#2231=(BOUNDED_SURFACE()B_SPLINE_SURFACE(5,5,((#2232,#2233,#2234,#2235,#2236,#2237),(#2238,#2239,#2240,#2241,#2242,#2243),(#2244,#2245,#2246,#2247,#2248,#2249),(#2250,#2251,#2252,#2253,#2254,#2255),(#2256,#2257,#2258,#2259,#2260,#2261),(#2262,#2263,#2264,#2265,#2266,#2267),(#2268,#2269,#2270,#2271,#2272,#2273),(#2274,#2275,#2276,#2277,#2278,#2279),(#2280,#2281,#2282,#2283,#2284,#2285),(#2286,#2287,#2288,#2289,#2290,#2291),(#2292,#2293,#2294,#2295,#2296,#2297),(#2298,#2299,#2300,#2301,#2302,#2303),(#2304,#2305,#2306,#2307,#2308,#2309),(#2310,#2311,#2312,#2313,#2314,#2315),(#2316,#2317,#2318,#2319,#2320,#2321)),.UNSPECIFIED.,.F.,.F.,.U.)B_SPLINE_SURFACE_WITH_KNOTS((6,3,3,3,6),(6,6),(0.,28.0880193743,46.4550971755,64.2826965567,96.5628565372),(0.,7.22566310326),.UNSPECIFIED.)GEOMETRIC_REPRESENTATION_ITEM()RATIONAL_B_SPLINE_SURFACE(((1.,0.2,0.2,0.2,0.2,1.),(1.,0.2,0.2,0.2,0.2,1.),(1.,0.2,0.2,0.2,0.2,1.),(1.,0.2,0.2,0.2,0.2,1.),(1.,0.2,0.2,0.2,0.2,1.),(1.,0.2,0.2,0.2,0.2,1.),(1.,0.2,0.2,0.2,0.2,1.),(1.,0.2,0.2,0.2,0.2,1.),(1.,0.2,0.2,0.2,0.2,1.),(1.,0.2,0.2,0.2,0.2,1.),(1.,0.2,0.2,0.2,0.2,1.),(1.,0.2,0.2,0.2,0.2,1.),(1.,0.2,0.2,0.2,0.2,1.),(1.,0.2,0.2,0.2,0.2,1.),(1.,0.2,0.2,0.2,0.2,1.)))REPRESENTATION_ITEM('Rational BSpline Surface')SURFACE()) ;
#17=(LENGTH_UNIT()NAMED_UNIT(*)SI_UNIT(.MILLI.,.METRE.)) ;
#18=(NAMED_UNIT(*)PLANE_ANGLE_UNIT()SI_UNIT($,.RADIAN.)) ;
#19=(NAMED_UNIT(*)SI_UNIT($,.STERADIAN.)SOLID_ANGLE_UNIT()) ;
#21=(GEOMETRIC_REPRESENTATION_CONTEXT(3)GLOBAL_UNCERTAINTY_ASSIGNED_CONTEXT((#20))GLOBAL_UNIT_ASSIGNED_CONTEXT((#17,#18,#19))REPRESENTATION_CONTEXT(' ',' ')) ;
#23=(GEOMETRIC_REPRESENTATION_CONTEXT(3)GLOBAL_UNCERTAINTY_ASSIGNED_CONTEXT((#22))GLOBAL_UNIT_ASSIGNED_CONTEXT((#17,#18,#19))REPRESENTATION_CONTEXT(' ',' ')) ;
#133=(GEOMETRIC_REPRESENTATION_CONTEXT(3)GLOBAL_UNCERTAINTY_ASSIGNED_CONTEXT((#132))GLOBAL_UNIT_ASSIGNED_CONTEXT((#17,#18,#19))REPRESENTATION_CONTEXT(' ',' ')) ;
#307=(GEOMETRIC_REPRESENTATION_CONTEXT(3)GLOBAL_UNCERTAINTY_ASSIGNED_CONTEXT((#306))GLOBAL_UNIT_ASSIGNED_CONTEXT((#17,#18,#19))REPRESENTATION_CONTEXT(' ',' ')) ;
#122=(REPRESENTATION_RELATIONSHIP(' ',' ',#24,#15)REPRESENTATION_RELATIONSHIP_WITH_TRANSFORMATION(#123)SHAPE_REPRESENTATION_RELATIONSHIP()) ;
#296=(REPRESENTATION_RELATIONSHIP(' ',' ',#134,#15)REPRESENTATION_RELATIONSHIP_WITH_TRANSFORMATION(#297)SHAPE_REPRESENTATION_RELATIONSHIP()) ;
#2397=(REPRESENTATION_RELATIONSHIP(' ',' ',#308,#15)REPRESENTATION_RELATIONSHIP_WITH_TRANSFORMATION(#2398)SHAPE_REPRESENTATION_RELATIONSHIP()) ;
ENDSEC;
END-ISO-10303-21;
